thai,pred1,pred2,answer,tltk
เสกสิทธิ์,seksit,seksit,seksit,seksit
สุทัศ,suthat,suthat,suthat,suthat
บริบูรณ์,boribun,boribun,boribun,boribun
ณัฏฐนิช,natthanit,natthanit,natthanit,natthanit
ชนกสุดา,chonkasuda,chanoksuda,chanoksuda,chanoksuda
ถนอมศักดิ์,thanomsak,thanomsak,thanomsak,thanomsak
เพ็ญศรี,phensi,phensi,phensi,phensi
ณรงค์พล,narongphon,narongphon,narongphon,narongphon
อานัน,anan,anan,anan,anan
ธงชัย,thongchai,thongchai,thongchai,thongchai
ยุวดี,yuwadi,yuwadi,yuwadi,yuwadi
เปรมจิต,premchit,premchit,premchit,premchit
มะดารี,madari,madari,madari,madari
บัณฑิตา,banthida,banthita,banthita,banthita
รัชนีภรณ์,ratchaniphon,ratchaniphon,ratchaniphon,ratchaniphon
จารวี,charawi,charawi,charawi,charaoi
ชาลี,chali,chali,chali,chali
ปิณฑิรา,pinthira,pinthira,pinthira,pinthira
ศรศักดิ์,sorasak,sonsak,sonsak,sonsak
เกริกฤทธิ์,kroekrit,kroekrit,kroekrit,kroekrit
อนิรุธ,anirut,anirut,anirut,anirut
สุริสา,surisa,surisa,surisa,surisa
เจด็จ,chadet,chadet,chadet,chadet
เชาวลิต,chaowalit,chaowalit,chaowalit,chaowalit
สวิตต์,sawit,sawit,sawit,saoit
ธัชพล,thatchaphon,thatchaphon,thatchaphon,thatchaphon
อัจฉราภรณ์,atcharaphon,atcharaphon,atcharaphon,atcharaphon
สันติภาพ,santiphap,santiphap,santiphap,santiphap
ไชยยา,chaiya,chaiyaya,chaiya,chaiya
ประภาพรรณ,praphaphan,praphaphan,praphaphan,praphaphan
บัวบาน,buaban,buaban,buaban,buaban
สมภพ,somphop,somphop,somphop,somphop
ภูมิพัฒน์,phumiphat,phumiphat,phumiphat,phumiphat
ชลทิศ,chonthit,chonthit,chonlathit,chonlathit
ธนาพงษ์,thanaphong,thanaphong,thanaphong,thanaphong
ธีรดนย์,thiradon,thiradon,thiradon,thiradon
ฐิติวัฒน์,thitiwat,thitiwat,thitiwat,thitioat
ปรียาภา,priyapha,priyapha,priyapha,priyapha
สิงห์ทอง,singthong,singthong,singthong,singthong
ภูผา,phupha,phupha,phupha,phupha
ปุญญิสา,punyisa,punyisa,punyisa,punyisa
ปิยทัศน์,piyathat,piyathat,piyathat,piyathat
เอกราช,ekkarat,ekkarat,ekkarat,ekkarat
วรรณนิดา,wannida,wannida,wannida,wannida
อุไลวรรณ,ualaiwan,ulaiwan,ulaiwan,ulaioan
วินิดา,winida,winida,winida,winida
วิรุจน์,wirut,wirut,wirut,wirut
ขัตติยา,khattiya,khattiya,khattiya,khattiya
ธันยมัย,thanyamai,thanyamai,thanyamai,thanyamai
แทน,thaen,thaen,thaen,thaen
วิชชา,witcha,witcha,witcha,witcha
ทิพสุดา,thipsuda,thipphuda,thipsuda,thipsuda
นูรียา,nuriya,nuriya,nuriya,nuriya
อุดมลักษณ์,udomlak,udommalak,udomlak,udomlak
นิโลบล,nilobon,nilobon,nilobon,nilobon
อัสมี,atsami,atsami,atsami,atsami
ธันยาภรณ์,thanyaphon,thanyaphon,thanyaphon,thanyaphon
วนัส,wanat,wanat,wanat,wanat
อรรนพ,annop,annop,annop,annop
พยนต์,phayon,phayon,phayon,phayon
จันทนี,chanthani,chanthani,chanthani,chanthani
สวรรยา,sawanya,sawanya,sawanya,saoanya
นริษา,narisa,narisa,narisa,narisa
รุ่งฤทัย,rungruethai,rungruethai,rungruethai,rungruethai
จันทร์จรัส,chantharachat,chancharat,chancharat,chancharat
ปรัชญ์,parat,prat,prat,prat
สิริพร,siriphon,siriphon,siriphon,siriphon
มะแอ,mae,maae,maae,mae
ปัญญา,panya,panya,panya,panya
นำโชค,namchok,namchok,namchok,namchok
ธีรภพ,thiraphop,thiraphop,thiraphop,thiraphop
คมกฤษณ์,khomkrit,khomkrit,khomkrit,khomkrit
อนุพงษ์,anuphong,anuphong,anuphong,anuphong
ศิริวรรณ,siriwan,siriwan,siriwan,sirioan
วัชชิระ,watchira,watchira,watchira,watchira
หทัยกานต์,hathaikan,hathaikan,hathaikan,hathaikan
วีรพงษ์,wiraphong,wiraphong,wiraphong,wiraphong
ภิรมยา,phiramaya,phiromya,phiromya,phiromya
รัชนีวรรณ,ratchaniwan,ratchaniwan,ratchaniwan,ratchanioan
รัชณี,ratchani,ratchani,ratchani,ratchani
บารมี,baromi,barami,barami,barami
พรจิต,phonchit,phonchit,phonchit,phonchit
รณยุทธ,ronyut,ronyayut,ronnayut,ronnayut
มลทิรา,monlathira,monthira,monthira,monthira
ประภาดา,praphada,praphada,praphada,praphada
นลพรรณ,nalaphan,nonlaphan,nonphan,nonphan
ยุรนันท์,yuranan,yuranan,yuranan,yuranan
นงรัก,nongrak,nongrak,nongrak,nongrak
สุมลทา,sumontha,sumontha,sumontha,sumontha
รุ่งธรรม,rungtham,rungtham,rungtham,rungtham
เก่ง,keng,keng,keng,keng
วิมลพร,wimonphon,wimonphon,wimonphon,wimonphon
จักรภพ,chakkraphop,chakkraphop,chakkraphop,chakkraphop
นราวุธ,narawut,narawut,narawut,naraout
ปิยพงศ์,piyaphong,piyaphong,piyaphong,piyaphong
สุธิศา,suthisa,suthisa,suthisa,suthisa
สุทิสา,suthisa,suthisa,suthisa,suthisa
อรณิชชา,arinchacha,onnitcha,onnitcha,onnitcha
จีรยุทธ,chirayut,chirayut,chirayut,chirayut
รัชนีพร,ratchaniphon,ratchaniphon,ratchaniphon,ratchaniphon
รดาณัฐ,radanat,radanat,radanat,radanat
ธนกฤษ,thanakrit,thanakrit,thanakrit,thanakrit
วรเมธ,woramet,woramet,woramet,woramet
สุวาณี,suwani,suwani,suwani,suwani
ภัทราวดี,phattharawadi,phattharawadi,phattharawadi,phattharaoadi
ทิพย์กมล,thipkhlom,thipkamon,thipkamon,thipkamon
วัลลีย์,wanli,wanli,wanli,wanli
ภูดิศ,phudit,phudit,phudit,phudit
พรรณิการ์,phannika,phannika,phannika,phannika
สุทธิพงค์,sutthiphong,sutthiphong,sutthiphong,sutthiphong
ภาวัต,phawat,phawat,phawat,phaoat
เดชา,decha,decha,decha,decha
เบญจมาส,benchamat,benchamat,benchamat,benchamat
ฟาตีฮะห์,fathi,fatiha,fatiha,fatiha
สินชัย,sinchai,sinchai,sinchai,sinchai
หาญณรงค์,hanyang,hannarong,hannarong,hannarong
แอนนา,aenna,aenna,aenna,aenna
เกวรี,kewi,kewari,kewari,keoari
ภัทรธิดา,phattharadi,phatthida,phattharathida,phattharathida
ช่อผกา,chopphaka,chophaka,chophaka,chophaka
พงศ์ศักดิ์,phongsak,phongsak,phongsak,phongsak
ยุภา,yupha,yupha,yupha,yupha
ฤทธิพร,ritthiphon,ritthiphon,ritthiphon,ritthiphon
เริงฤทธิ์,roengrit,roengrit,roengrit,roengrit
พิทักษ์พงศ์,phithakphong,phithakphong,phithakphong,phithakphong
ธนภูมิ,thanaphum,thonnaphum,thanaphum,thanaphum
สุภัทรชัย,suphatcharai,suphatthai,suphattharachai,suphattharachai
พรอณง,phronngon,phonnong,phonanong,phonanong
มุทิตา,muthita,muthita,muthita,muthita
ณัฏฐนิชา,natthanicha,natthanicha,natthanicha,natthanicha
ดำรง,damrong,damrong,damrong,damrong
ชนะชัย,chanachai,chanachai,chanachai,chanachai
ธนัชพร,thanatchaphon,thanatphon,thanatporn,thanatporn
วิหาร,wihan,wihan,wihan,wihan
ชยกร,chayakon,chayakon,chayakon,chayakon
อรรคเดช,akkadet,akkadet,akkadet,akkadet
วรนุช,woranut,woranut,woranut,woranut
ธนวัตร,thanawat,thanawat,thanawat,thanaoat
เศรษฐา,settha,settha,settha,settha
จรัลรัตน์,charanrat,charanrat,charanrat,charanrat
พิมพ์วดี,phimwadi,phimwadi,phimwadi,phimwadi
บือราเฮง,bueraheng,bueraheng,bueraheng,bueraheng
พัลลภา,phanlapha,phanlapha,phanlapha,phanlapha
ทิพย์วิมล,thiphimuan,thipwimon,thipwimon,thipwimon
วีรญา,wiraya,wiraya,wiraya,wiraya
ธาตรี,thatri,thatri,thatri,thatri
สุภาวรรณ,suphawan,suphawan,suphawan,suphaoan
พัณณ์ชิตา,phanchita,phanchita,phanchita,phanchita
จตุรงค์,chaturong,chaturong,chaturong,chaturong
หนูทิพย์,nuthip,nuthip,nuthip,nuthip
ศักดิ์ชัย,sakchai,sakchai,sakchai,sakchai
สิริจันทร์,sirichan,sirichan,sirichan,sirichan
ธาวิน,thawin,thawin,thawin,thaoin
ชนินาถ,chaninat,chaninat,chaninat,chaninat
ราเชนทร์,rachen,rachen,rachen,rachen
มัณฑิตา,manthida,manthita,manthita,manthita
สุชานันท์,suchanan,suchanan,suchanan,suchanan
พรสิริ,phonsiri,phonsiri,phonsiri,phonsiri
ติ๋ม,tim,tim,tim,tim
สถิต,sathit,sathit,sathit,sathit
ดารา,dara,dara,dara,dara
อนันตชัย,anantachai,anantachai,anantachai,anantachai
เทพพิทักษ์,thepphithak,thepphithak,thepphithak,thepphithak
อภิชน,aphichon,aphichon,aphichon,aphichon
อนันตยา,anantaya,anantaya,anantaya,anantaya
เทพฤทธิ์,thepphrit,theprit,theprit,theprit
สุพรรณิกา,supphanika,suphanika,suphannika,suphannika
ภานุกร,phanukon,phanukon,phanukon,phanukon
ปิยะณัฐ,piyanat,piyanat,piyanat,piyanat
สาม,sama,sam,sam,sam
สลิตา,salita,salita,salita,salita
อรรถ,attra,attha,at,at
ธัญพิมล,thanphimon,thanyaphimon,thanphimon,thanphimon
วริษฐา,warittha,warittha,warittha,warittha
ธีริศรา,thirisara,thiritsara,thirisara,thirisara
ธาราทิพย์,tharathip,tharathip,tharathip,tharathip
เสรี,seri,seri,seri,seri
เดชฤทธิ์,detchiret,detrit,detrit,detrit
เพชรินทร์,phetcharin,phetcharin,phetcharin,phetcharin
ปิยาณี,piyani,piyani,piyani,piyani
ทวีเดช,thawidet,thawidet,thawidet,thaoidet
สุภารัตน์,supharat,supharat,supharat,supharat
ลุกมัน,lukman,lukman,lukman,lukman
สุธาริณี,sutharini,sutharini,sutharini,sutharini
พิบูลย์,phibun,phibun,phibun,phibun
คมกฤษ,khomkrit,khomkrit,khomkrit,khomkrit
ปัณพร,panphon,panphon,pannaphon,pannaphon
ณิชชาภัทร,nichachaphat,nitchaphat,nitchaphat,nitchaphat
ประวีนา,prawina,prawina,prawina,praoina
ธันย์นิชา,thannicha,thannicha,thannicha,thannicha
ภานุเดช,phanudet,phanudet,phanudet,phanudet
รัตนาพร,rattanaphon,rattanaphon,rattanaphon,rattanaphon
จีรวุฒิ,chirawut,chirawut,chirawut,chiraout
บรรจบ,banchop,banchop,banchob,banchob
อรทัย,onthai,onthai,orathai,orathai
ทรงยศ,songyot,songyot,songyot,songyot
คัมภีร์,khamphi,khamphi,khamphi,khamphi
อับดุลรอฮิม,apdunrohim,apdunrohim,apdunrohim,apdunrohim
เจริญขวัญ,charoenkhwan,charoenkhwan,charoenkhwan,charoenkhwan
สมเด็จ,somdet,somdet,somdet,somdet
ศุภิดา,suphida,suphida,suphida,suphida
ศตวรรษ,satawat,satawat,sattawat,sattaoat
ฐายิกา,thayika,thayika,thayika,thayika
วุฒิวัฒน์,wutthiwat,wutthiwat,wutthiwat,wutthioat
มลตรี,montri,montri,montri,montri
สุรัช,surat,surat,surat,surat
พัฒนพงศ์,phatthanaphong,phatthanaphong,phatthanaphong,phatthanaphong
บุญศักดิ์,bunsak,bunsak,bunsak,bunsak
วีรชัย,wirachai,wirachai,wirachai,wirachai
อรรถ,attra,attha,at,at
ทักษพร,thaksaphon,thaksaphon,thaksaphon,thaksaphon
มานะ,mana,mana,mana,mana
นันธิดา,nanthida,nanthida,nanthida,nanthida
พิทวัส,phitthawat,phitthawat,phitthawat,phitthaoat
ธัญญ์นรี,thannira,thannari,thannari,thannari
ธัญญ์นภัส,thannaphat,thannaphat,thannaphat,thannaphat
ประพัฒน์,praphat,praphat,praphat,praphat
วิจักษณ์,wichak,wichak,wichak,wichak
พิชญาพร,phitchayaphon,phitchayaphon,phitchayaphon,phitchayaphon
ภูมิ,phumi,phumi,phum,phum
จิรัฐิติกาล,chirathitikan,chirattikan,chirattikan,chirattikan
จิราวุฒิ,chirawut,chirawut,chirawut,chiraout
ดนุเดช,danudet,danudet,danudet,danudet
พัชราวลัย,phatcharawalai,phatrawai,phatcharawalai,phatcharaoalai
สารีนา,sarina,sarina,sarina,sarina
พรสุดา,phonsuda,phonsuda,phonsuda,phonsuda
เตือนจิต,tueanchit,tueanchit,tueanchit,tueanchit
นราวดี,narawadi,narawadi,narawadi,naraoadi
สายพิน,saiphin,saiphin,saiphin,saiphin
คฑาวุฒิ,khathawut,khathawut,khathawut,khathaout
ณัฐธัญ,natthahan,natthan,natthan,natthan
ฟาตีเมาะ,fatimo,fatimo,fatimo,fatimo
สิทธิศักดิ์,sitthisak,sitthisak,sitthisak,sitthisak
อรรัมภา,arampha,onrampha,onrampha,onrampha
ปริยาภัทร,pariyaphat,pariyaphat,priyaphat,priyaphat
จันหอม,chanhom,chanhom,chanhom,chanhom
เสฏฐวุฒิ,satetthawut,setthawut,setthawut,setthaout
อ้อมใจ,omchai,omchai,omchai,omchai
ประสาร,prasan,prasan,prasan,prasan
มงคลชัย,mongkhonchai,mongkhonlachai,mongkhonchai,mongkhonchai
ขวัญศิริ,khwansiri,khwansiri,khwansiri,khwansiri
ภิรญา,phiraya,phiraya,phiraya,phiraya
ขวัญชนก,khwanchanok,khwanchanok,khwanchanok,khwanchanok
เกษกนก,ketkanok,kaseknok,ketkanok,ketkanok
วิศรุต,wisarut,witsarut,witsarut,witsarut
บุปผา,buppha,buppha,buppha,buppha
ภาวินี,phawini,phawini,phawini,phaoini
มนัสดา,manatsada,manatda,manatsada,manatsada
อารีพร,ariphon,ariphon,ariphon,ariphon
พัณณิตา,phannita,phannita,phannita,phannita
นคร,nakhon,nakhon,nakhon,nakhon
ศุภารัตน์,supharat,supharat,supharat,supharat
ชลนิชา,chonnicha,chonnicha,chonnicha,chonnicha
ปิยมาส,piyamat,piyamat,piyamat,piyamat
ณหทัย,nahathai,nahathai,nahathai,nahathai
จริญา,chariya,chariya,chariya,chariya
ไพบูลย์,phaibun,phaibun,phaibun,phaibun
นรเทพ,narethop,norathep,norathep,norathep
ภัชราพร,phatcharaphon,phatcharaphon,phatcharaphon,phatcharaphon
ศุภศิริ,supphasiri,supphasiri,supphasiri,supphasiri
อารีรักษ์,arirak,arirak,arirak,arirak
สรรพสิทธิ์,sapphasit,sapphasit,sapphasit,sapphasit
สิงหนาท,singnat,singnat,singhanat,singhanat
เฉลิมศรี,chaloemsari,chaloemsi,chaloemsi,chaloemsi
ศานิต,sanit,sanit,sanit,sanit
ชินกร,chinnakon,chinnakon,chinnakon,chinnakon
อนันต์,anan,anan,anan,anan
ไพเราะ,phairo,phairo,phairo,phairo
ประสิทธ์,prasit,prasit,prasit,prasit
สกนธ์,sakon,sakon,sakon,sakon
ตระการ,trakan,trakan,trakan,trakan
ภัคภิญญา,phakphinya,phakphinya,phakkhaphinya,phakkhaphinya
ธีรพจน์,thiraphot,thiraphot,thiraphot,thiraphot
ดนัย,danai,danai,danai,danai
นีรชา,niracha,niracha,niracha,niracha
ธนิต,thanit,thanit,thanit,thanit
ปิลันธนา,pilanthana,pilanthana,pilanthana,pilanthana
เวช,wet,wet,wet,wet
อัครวัฒน์,akkhrawat,akkharawat,akkharawat,akkharaoat
ณัฐกรณ์,natthakon,natthakon,natthakon,natthakon
มณีจันทร์,manichan,manichan,manichan,manichan
ชัยธวัช,chaithawat,chaithawat,chaithawat,chaithaoat
อารง,arong,arong,arong,arong
สุรางค์รัตน์,surangrat,surangrat,surangrat,surangrat
ไมตรี,maitri,maitri,maitri,maitri
สุริชัย,surichai,surichai,surichai,surichai
อุมารินทร์,umarin,umarin,umarin,umarin
เบญจมาศ,benchamat,benchamat,benchamat,benchamat
ประกายดาว,prakaidao,prakaidao,prakaidao,prakaidao
ชยุต,chayut,chayut,chayut,chayut
นันทนา,nanthana,nanthana,nanthana,nanthana
ปัญญาภรณ์,panyaphon,panyaphon,panyaphon,panyaphon
นิรชา,niracha,nincha,niracha,niracha
อิบรอเฮ็ม,irophrem,ibrohem,ibrohem,ibrohem
ชัยมงคล,chaimangkhon,chaimongkhon,chaimongkhon,chaimongkhon
ตุลยา,tunya,tunya,tunlaya,tunlaya
ปฐมาวดี,pathommawadi,pathamawadi,patthamawadi,patthamaoadi
พงศ์ณพัช,phongnaphat,phongphat,phongnaphat,phongnaphat
ยอดเพชร,yotphet,yotphet,yotphet,yotphet
สุภวรรณ,suphawan,supphawan,supphawan,supphaoan
วรวุธ,worawut,worawut,worawut,woraout
สงวนศรี,sanguansi,sanguansi,sanguansi,sanguansi
เพ็ญประภา,phenprapha,phenprapha,phenprapha,phenprapha
สายันต์,sayan,sayan,sayan,sayan
กุสุมาลย์,kusuman,kusuman,kusuman,kusuman
อัจฉรา,atchara,atchara,atchara,atchara
จิราวัฒน์,chirawat,chirawat,chirawat,chiraoat
อำนาจ,amnat,amnat,amnat,amnat
นิตติยา,nittiya,nittiya,nittiya,nittiya
รัตนศักดิ์,rattanasak,rattanasak,rattanasak,rattanasak
ณรงศักดิ์,narongsak,narongsak,narongsak,narongsak
พสธร,phasathon,phasathon,photsathon,photsathon
พิศิษฐ์,phisit,phisit,phisit,phisit
ธนาธิป,thanathip,thanathip,thanathip,thanathip
ปาริชา,paricha,paricha,paricha,paricha
ประภารัตน์,prapharat,prapharat,prapharat,prapharat
อัครวุฒิ,akkharawut,akkharawut,akkharawut,akkharaout
เรืองศิลป์,rueangsin,rueangsin,rueangsin,rueangsin
ชารินี,charini,charini,charini,charini
เชาวฤทธิ์,chaowarit,chaowirot,chaowarit,chaowarit
บุญสิตา,bunsita,bunsita,bunsita,bunsita
คุณาวุฒิ,khunawut,khunawut,khunawut,khunaout
ฉันทนา,chanthana,chanthana,chanthana,chanthana
ผ่องนภา,phongnapha,phongnapha,phongnapha,phongnapha
วันวิสา,wanwisa,wanwisa,wanwisa,wanwisa
ชาลิสา,chalisa,chalisa,chalisa,chalisa
อลิศรา,alisara,alitsara,alisara,alisara
ธนา,thana,thana,thana,thana
วุฒิศักดิ์,wutthisak,wutthisak,wutthisak,wutthisak
พันธวัช,phanthawat,phanthawat,phanthawat,phanthaoat
ไตรรัตน์,trairat,trairat,trairat,trairat
พิศเพลิน,phitphloen,phitphloen,phitphloen,phitphloen
อับดุลเล๊าะ,apdunlo,apdunlo,apdunlo,apdunlo
นวลนภา,nuanlapha,nuannapha,nuannapha,nuannapha
จิระเดช,chiradet,chiradet,chiradet,chiradet
พิทักษ์,phithak,phithak,phithak,phithak
อนิรุต,anirut,anirut,anirut,anirut
อรนิภา,onnipha,onnipha,onnipha,onnipha
ธนเทพ,thanathep,thanathep,thanathep,thanathep
ธีรวัจน์,thirawat,thirawat,thirawat,thiraoat
สมเดช,somdet,somdet,somdet,somdet
สริญญา,sarinya,sarinya,sarinya,sarinya
วิรัตน์,wirat,wirat,wirat,wirat
สิทธิพันธ์,sitthiphan,sitthiphan,sitthiphan,sitthiphan
ชนะชล,chanachon,chanachon,chanachon,chanachon
อรพร,oraphon,oraphon,oraphon,oraphon
ธนาวดี,thanawadi,thanawadi,thanawadi,thanaoadi
เฉลิมชาติ,chaloemchat,chaloemchat,chaloemchat,chaloemchat
ประสิทธิ,prasitthi,prasitthi,prasit,prasit
วิรัญชนา,wiranchana,wiranchana,wiranchana,wiranchana
สมศรี,somsi,somsi,somsi,somsi
ธนพนธ์,thanaphon,thanaphon,thanaphon,thanaphon
สุวนิตย์,suwanit,suwanit,suwanit,suwanit
มนธิรา,monthira,monthira,monthira,monthira
วรเศรษฐ์,woraset,woraset,woraset,woraset
เกษณีย์,kesani,ketsani,kesani,kesani
สรวิชญ์,sorawit,sorawit,sorawit,soraoit
อาภาภรณ์,aphaphon,aphaphon,aphaphon,aphaphon
ณัฏฐกานต์,nattakat,natthakan,natthakan,natthakan
ศิรวิทย์,sirawit,sirawit,sirawit,siraoit
พงษกร,phongsakon,phongsakon,phongsakon,phongsakon
ณัฐรดี,nattharida,nattharadi,natradi,natradi
ถิรนันท์,thiranan,thiranan,thiranan,thiranan
อภิเชษฐ,aphichet,aphichet,aphichet,aphichet
ภาษิต,phasit,phasit,phasit,phasit
พิรุณรัตน์,phirunrat,phirunrat,phirunrat,phirunrat
วาทิณี,wathini,wathini,wathini,wathini
ปรเมศร์,poramet,poramet,poramet,poramet
อนุวัตน์,anuwat,anuwat,anuwat,anuwat
นัสรีน,nasarin,natsarin,nassarin,nassarin
สรศักดิ์,sorasak,sonsak,sorasak,sorasak
มณีวรรณ,maniwan,maniwan,maniwan,manioan
อารีย์วรรณ,ariwan,ariwan,ariwan,arioan
ชวกร,chawakon,chawakon,chawakon,chaoakon
ศิระ,sira,sira,sira,sira
สายสุนี,saisuni,saisuni,saisuni,saisuni
รอกีเย๊าะ,rokiaya,rokiyo,rokiyo,rokiyo
เสาวนิตย์,saowanit,saowanit,saowanit,saowanit
ละออ,lao,lao,lao,lao
ณัฐา,natha,nattha,nattha,nattha
ภาณุเดช,phanudet,phanudet,phanudet,phanudet
นิธิวดี,nithiwidi,nithiwadi,nithiwadi,nithioadi
ไฟซอล,faison,faison,faison,faison
ฮารง,harong,harong,harong,harong
คำรณ,khamron,khamron,khamron,khamron
ณัฐพล,natthaphon,natthaphon,natthaphon,natthaphon
วิศิษฎ์,wisit,wisit,wisit,wisit
ศศิพิมล,sasiphimon,sasiphimon,sasiphimon,sasiphimon
อภิสรา,aphisara,aphitsara,aphisara,aphisara
วราห์,wara,wara,wara,wara
ยรรยง,yanyong,yanyong,yanyong,yanyong
อรอนงค์,oranong,oranong,onanong,onanong
สาริสา,sarisa,sarisa,sarisa,sarisa
ธนูศักดิ์,thanusak,thanusak,thanusak,thanusak
นิภากร,niphakon,niphakon,niphakon,niphakon
หามะ,hama,hama,hama,hama
จิรสุดา,chirasuda,chirasuda,chirasuda,chirasuda
นิพัฒน์,niphat,niphat,niphat,niphat
ตรีชฎา,trichada,trichada,trichada,trichada
พรทิพ,phonthip,phonthip,phonthip,phonthip
วิลัยพร,wilaiphon,wilaiphon,wilaiphon,wilaiphon
เหรียญชัย,rianchai,rianchai,rianchai,rianchai
อนุวัตร,anuwat,anuwat,anuwat,anuwat
รณภูมิ,ronnaphum,ronnaphum,ronnaphum,ronnaphum
ทิพยวรรณ,thipphayawan,thipphayawan,thipphayawan,thipphayaoan
จักกฤษ,chakkrit,chakkrit,chakkrit,chakkrit
ยุพาพรรณ,yuphaphan,yuphaphan,yuphaphan,yuphaphan
จารุวิทย์,charuwit,charuwit,charuwit,charuwit
ทวีเกียรติ,thawikiat,thawikiat,thawikiat,thaoikiat
สินีนาฎ,sininat,sininat,sininat,sininat
วริศนันท์,waritsanan,waritsanan,waritsanan,waritsanan
เพ็ญณี,phenni,phenni,phenni,phenni
ศุภิสรา,suphisara,suphitsara,suphitsara,suphitsara
จิรสิน,chirasin,chirasin,chirasin,chirasin
นิสากร,nisakon,nisakon,nisakon,nisakon
สุภัคชญา,suphakchaya,suphakchaya,suphakchaya,suphakchaya
นวลพรรณ,nawalaphan,nuanphan,nuanphan,nuanphan
เรวัต,rewat,rewat,rewat,reoat
ต้องใจ,tongchai,tongchai,tongchai,tongchai
จิตตรา,chittra,chittara,chittra,chittra
รำพึง,ramphueng,ramphueng,ramphueng,ramphueng
พิมพ์พิสุทธิ์,phimphisuet,phimphisut,phimphisut,phimphisut
โชคชัย,chokchai,chokchai,chokchai,chokchai
เสกศักดิ์,seksak,seksak,seksak,seksak
อัครวินท์,akkhrawin,akkharawin,akkharawin,akkharaoin
วัชรพล,watcharaphon,watcharaphon,watcharaphon,watcharaphon
วิไลรักษ์,wilairak,wilairak,wilairak,wilairak
ศุภจิรา,supphichara,supphachira,supphachira,supphachira
ประพันธ์,praphan,praphan,praphan,praphan
จันทมณี,chanthamani,chanthamani,chanthamani,chanthamani
สุขุมาล,sukhuman,sukhuman,sukhuman,sukhuman
วงศ์เดือน,wongduean,wongduean,wongduean,wongduean
อนัญลักษณ์,ananyak,ananlak,ananlak,ananlak
สุรจิตร,surachit,surachit,surachit,surachit
อัครเดช,akkaradet,akkhadet,akkharadet,akkharadet
สุวัจน์,suwat,suwat,suwat,suwat
เปาซี,paosi,paosi,paosi,paosi
อิทธิเดช,itthidet,itthidet,itthidet,itthidet
ราวี,rawi,rawi,rawi,raoi
ชาญศิลป์,chansiyo,chansin,chansin,chansin
ชานน,chanon,chanon,chanon,chanon
ฐิติกาญจน์,thitikan,thitikan,thitikan,thitikan
นิติพงษ์,nitiphong,nitiphong,nitiphon,nitiphon
สุวรา,suwara,suwara,suwara,suwara
ณัฐชนา,natchana,natchana,natchana,natchana
สุรชาติ,surachat,surachat,surachat,surachat
เชวง,chaweng,chaweng,chaweng,chaoeng
เกตุมณี,ketmuni,ketmani,ketmani,ketmani
ทศพร,thotsaphon,thotsaphon,thodsaphon,thodsaphon
น้องนุช,nongnut,nongnut,nongnut,nongnut
วิชุดา,wichuda,wichuda,wichuda,wichuda
โชคอนันต์,chokhanan,chokanan,chokanan,chokanan
ศิริพรรณ,siriphan,siriphan,siriphan,siriphan
วีรศักดิ์,wirasak,wirasak,wirasak,wirasak
นงค์ลักษณ์,nonglak,nonglak,nonglak,nonglak
ณัฐกาญจน์,nattakan,natthakan,natthakan,natthakan
รัตนโชติ,rattanachot,rattanachot,rattanachot,rattanachot
นิรันด์,niran,niran,niran,niran
ยุทธศิลป์,yutthasin,yutthasin,yutthasin,yutthasin
นิวัตร์,niwat,niwat,niwat,nioat
ประทุมพร,prathumphon,prathumphon,prathumphon,prathumphon
วไลลักษณ์,walailak,wailak,walailak,walailak
นุจรินทร์,nutcharin,nutcharin,nucharin,nucharin
พิชิต,phichit,phichit,phichit,phichit
บัวสอน,buason,buason,buason,buason
เตชิต,techit,techit,techit,techit
ปกป้อง,pokpong,pokpong,pokpong,pokpong
อริยาภรณ์,ariyaphon,ariyaphon,ariyaphon,ariyaphon
ฟาติมา,fatima,fatima,fatima,fatima
พงศักดิ์,phongsak,phongsak,phongsak,phongsak
จาริณี,charini,charini,charini,charini
สุนิสา,sunisa,sunisa,sunisa,sunisa
อัจฉรีย์,atchari,atchari,atchari,atchari
เอกพงษ์,ekkaphong,ekkaphong,ekphong,ekphong
ปิยะชาติ,piyachat,piyachat,piyachat,piyachat
อภิชัย,aphichai,aphichai,aphichai,aphichai
เมธินี,methini,methini,methini,methini
รัติยา,rattiya,rattiya,rattiya,rattiya
อัครพงษ์,akkharaphong,akkharaphong,akkharaphong,akkharaphong
ศิริทร,sirithon,sirit,sirithon,sirithon
สุวรีย์,suwari,suwari,suwari,suwari
โภคิน,phokhin,phokhin,phokhin,phokhin
ขจี,khachi,khachi,khachi,khachi
นาตญา,nattaya,nattaya,nataya,nataya
ยมลพร,yommaphon,yomlaphon,yamonphon,yamonphon
รุจีรัตน์,ruchirat,ruchirat,ruchirat,ruchirat
คม,khama,khom,khom,khom
ประทาน,prathan,prathan,prathan,prathan
มูฮัมหมัด,muhammat,muhammat,muhammat,muhammat
บัวเขียว,buakhiao,buakhiao,buakhiao,buakhiao
จารุวรรณ์,charuwan,charuwan,charuwan,charuwan
เปรมมิกา,premmika,premmika,premmika,premmika
นวลละออ,nuanlao,nuanlao,nuanlao,nuanlao
วิธาน,withan,withan,withan,withan
อรรถพันธ์,attaphan,atthaphan,attaphan,attaphan
สุรีย์พร,suriphon,suriphon,suriphon,suriphon
ศักดินนท์,sakdinon,sakdinon,sakdinon,sakdinon
ณัฐพงค์,natthaphong,natthaphong,natthaphong,natthaphong
เกรียงเดช,kriangdet,kriangdet,kriangdet,kriangdet
สาลิณี,salini,salini,salini,salini
บัลลังก์,banlang,banlang,banlang,banlang
สมภูมิ,somphum,somphum,somphum,somphum
สุขเกษม,sukkesom,sukkasem,sukkasem,sukkasem
ปวรุตม์,pawurot,pawarut,pawarut,paoarut
วีระพงศ์,wiraphong,wiraphong,wiraphong,wiraphong
ทิพาพร,thiphaphon,thiphaphon,thiphaphon,thiphaphon
ภัทรวรรณ,phattharawan,phattharawan,phattharawan,phattharaoan
รำไพร,ramphrai,ramphrai,ramprai,ramprai
วิมลมาศ,wimonmat,wimonmat,wimonmat,wimonmat
ไวพจน์,waiphot,waiphot,waiphot,waiphot
ณัฐนรี,nattharani,natnari,natnari,natnari
ธัญเทพ,thanthep,thanthep,thanyathep,thanyathep
ธารวิมล,tharawimon,tharawimon,thanwimon,thanwimon
เพลินตา,phloenta,phloenta,phloenta,phloenta
ปัญญาวุฒิ,panyawut,panyawut,panyawutthi,panyaoutthi
อุไรพร,uraiphon,uraiphon,uraiphon,uraiphon
อรนันท์,onnan,oranan,oranan,oranan
สืบศักดิ์,suepsak,suepsak,suepsak,suepsak
เกษราพร,kesaraphon,kesaraphon,kesaraphon,kesaraphon
ศศิรัตน์,sasirat,sasirat,sasirat,sasirat
มัณฑณา,manthana,manthana,manthana,manthana
ธนกฤต,thanakrit,thanakrit,thanakrit,thanakrit
สุปรานี,suprani,suprani,suprani,suprani
ศุภวิชญ์,supphawit,supphawit,supphawit,supphaoit
บรรดิษฐ,bandit,bandit,bandit,bandit
บานชื่น,banchuen,banchuen,banchuen,banchuen
ศรราม,saram,sonram,sonram,sonram
บรรชา,bancha,bancha,bancha,bancha
เอกรัฐ,ekkarat,ekkarat,ekkarat,ekkarat
วาทิตย์,wathit,wathit,wathit,wathit
ขจร,khachon,khachon,khachon,khachon
พีรพงศ์,phiraphong,phiraphong,phiraphong,phiraphong
แวรุสลัน,waerusalan,waerutsalan,waerutsalan,waerutsalan
พิมพ์ชนก,phimchanok,phimchanok,phimchanok,phimchanok
ชัชวาล,chatchawan,chatchawan,chatchawan,chatchaoan
นิลวรรณ,ninlawan,ninlawan,nilawan,nilaoan
พันธิภา,phanthipha,phanthipha,phanthipha,phanthipha
เสกศักดิ์,seksak,seksak,seksak,seksak
องุ่น,angun,angun,a-ngun,angun
ปารีณา,parina,parina,parina,parina
รุจิกาญจน์,ruchikan,ruchikan,ruchikan,ruchikan
ไอศูรย์,aisun,aisun,aisun,aisun
ธงศักดิ์,thongsak,thongsak,thongsak,thongsak
นวลลออ,nuanlo,nuanlo,nuanlao,nuanlao
นิติกร,nitikon,nitikon,nitikon,nitikon
รัชภูมิ,ratchaphum,ratchaphum,ratchaphum,ratchaphum
ศักดิ์ณรงค์,sakning,saknarong,saknarong,saknarong
นุสรา,nusara,nusara,nusara,nusara
วราวุฒิ,warawut,warawut,warawut,waraout
ธนัญชนก,thananchanok,thananchanok,thananchanok,thananchanok
วีราภรณ์,wiraphon,wiraphon,wiraphon,wiraphon
เลิศชัย,loetchai,loetchai,loetchai,loetchai
บุศรา,busara,butsara,butsara,butsara
เพลินจิตร,phloenchit,phloenchit,phloenchit,phloenchit
อัสมัน,atsaman,atsaman,atsaman,atsaman
ชัด,chat,chat,chat,chat
อุเทน,uthen,uthen,uthen,uthen
วิศรุตา,wisarutta,witsaruta,witsaruta,witsaruta
พัฒนาพร,phatthanaphon,phatthanaphon,phatthanaphon,phatthanaphon
ทินกฤต,thinnakrit,thinnakrit,thinnakrit,thinnakrit
ปรางทิพย์,prangthip,prangthip,prangthip,prangthip
ธราธิป,tharathip,tharathip,tharathip,tharathip
ฤกษ์ชัย,roekchai,rikchai,roekchai,roekchai
อัชรี,atchari,atchari,atchari,atchari
แมะ,mae,mae,mae,mae
นูรีย๊ะ,nuriya,nuriya,nuriya,nuriya
ธนานนท์,thananon,thananon,thananon,thananon
พรวิมล,phruamin,phonwimon,phonwimon,phonwimon
จักรพงค์,chakkraphong,chakkraphong,chakkraphong,chakkraphong
สาทิตย์,sathit,sathit,sathit,sathit
วรุตม์,warut,warut,warut,warut
จันจิรา,chanchira,chanchira,chanchira,chanchira
ธันยรัศมิ์,thanyarat,thanyarat,thanyarat,thanyarat
ไกรวิทย์,kraiwit,kraiwit,kraiwit,kraioit
ฐปนีย์,thapani,thapani,thapani,thapani
ธนิตศักดิ์,thanitsak,thanitsak,thanitsak,thanitsak
วัลย์ลิกา,wanlika,wanlika,wanlika,wanlika
ไกรสิทธิ์,kraisit,kraisit,kraisit,kraisit
อนุวัต,anuwat,anuwat,anuwat,anuwat
เขมมิกา,khemmaki,khemmika,khemmamika,khemmamika
สุธิสา,suthisa,suthisa,suthisa,suthisa
ไชยยศ,chaiyot,chaiyatoisa,chaiyot,chaiyot
วรรณภา,wanpha,wannapha,wanpha,wanpha
ชัยพิชิต,chaiphichit,chaiphichit,chaiphichit,chaiphichit
ชัชชญา,chatchaya,chatchaya,chatchaya,chatchaya
กุสุมา,kusuma,kusuma,kusuma,kusuma
พิมนภา,phimnapha,phimnapha,phimnapha,phimnapha
คุณานนต์,khunan,khunanon,khunanon,khunanon
จิราณัฏฐ์,chiranat,chiranat,chiranat,chiranat
บงกชธร,bongkachot,bongkotchon,bongkotchathon,bongkotchathon
ขจรเดช,khachondet,khachondet,khachondet,khachondet
อานูวา,anuwa,anuwa,anuwa,anuwa
แตงอ่อน,taengon,taengon,taengon,taengon
ธง,thong,thong,thong,thong
เมธิชัย,methichai,metchai,methichai,methichai
ประชัน,prachan,prachan,prachan,prachan
เสถียรพงษ์,sathiangphon,sathianphong,sathianphong,sathianphong
รัดเกล้า,ratklao,ratklao,ratklao,ratklao
ชลทิพย์,chonthip,chonlathip,chonlathip,chonlathip
นวลปราง,nuanprang,nuanprang,nuanprang,nuanprang
อัจฉรี,atchari,atchari,atchari,atchari
ชีวิน,chiwin,chiwin,chiwin,chioin
วราภรณ์,waraphon,waraphon,waraphon,waraphon
ธีระพล,thiraphon,thiraphon,thiraphon,thiraphon
ชาย,chai,chai,chai,chai
อรชุมา,orachuma,onchuma,onchuma,onchuma
ปุณยนุช,punyanut,punyanut,punyanut,punyanut
สันต์,san,san,san,san
สุภวรรณ,suphawan,supphawan,supphawan,supphaoan
พิเชษ,phichet,phichet,phichet,phichet
ธราพงษ์,tharaphong,tharaphong,tharaphong,tharaphong
เริงศักดิ์,roengsak,roengsak,roengsak,roengsak
ณัฐวุฒิ,natthawut,natthawut,natthawut,natthaout
ภิเษก,phisek,phisek,phisek,phisek
อนวัช,anawat,anawat,anawat,anaoat
ชาญยุทธ์,chanyut,chanyut,chanyut,chanyut
ธนัชพร,thanatchaphon,thanatphon,thanatchaphon,thanatchaphon
สุรางคณา,surangkhana,surangkhana,surangkhana,surangkhana
วริศรา,warisara,waritsara,waritsara,waritsara
สุรพงษ์,suraphong,suraphong,suraphong,suraphong
รัฐพงศ์,ratthaphong,ratthaphong,ratthaphong,ratthaphong
ชัยเดช,chaidet,chaidet,chaiyadet,chaiyadet
เฉลิมพันธ์,chaloemphan,chaloemphan,chaloemphan,chaloemphan
ธงชาติ,thongchat,thongchat,thongchat,thongchat
ปฏิพล,patiphon,patiphon,patiphon,patiphon
ธานิน,thanin,thanin,thanin,thanin
นิรุช,nirut,nirut,nirut,nirut
นฤทธิ์,narit,narit,narit,narit
อนุพันธ์,anuphan,anuphan,anuphan,anuphan
ภัทราพร,phattharaphon,phattharaphon,phattharaphon,phattharaphon
ชวัลวิทย์,chawanawit,chawanwit,chawanwit,chaoanwit
อรวดี,onwadi,orawadi,onwadi,onwadi
ปัณณวัฒน์,pannawat,pannawat,pannawat,pannaoat
เนติมา,netima,netima,netima,netima
จันธิมา,chanthima,chanthima,chanthima,chanthima
ธีรพันธุ์,thiraphan,thiraphan,thiraphan,thiraphan
สุภาลักษณ์,suphalak,suphalak,suphalak,suphalak
ฟาดีละห์,fadila,fadila,fadila,fadila
สมพล,somphon,somphon,somphon,somphon
เกริกเกียรติ,kroekkiat,kroekkiat,kroekkiat,kroekkiat
อิทธิกร,itthikhon,itthikon,itthikon,itthikon
วรินทร์ทิพย์,waritthanit,warinthip,warinthip,warinthip
คมกฤต,khomkrit,khomkrit,khomkrit,khomkrit
อรชุดา,onchuda,onchuda,onchuda,onchuda
แดนชัย,daenchai,daenchai,daenchai,daenchai
โอวาท,owat,owat,owat,owat
เกียรติชัย,kiattichai,kiattichai,kiattichai,kiattichai
วีรพจน์,wiraphot,wiraphot,wiraphot,wiraphot
อนุวัติ,anuwat,anuwat,anuwat,anuwat
ประภาวดี,praphawadi,praphawadi,praphawadi,praphaoadi
ฮามะ,hama,hama,hama,hama
อุบลวรรณ,ubonlawan,ubonlawan,ubonwan,ubonwan
พิเชฐ,phichet,phichet,phichet,phichet
อัฐพล,atthaphon,atthaphon,attaphon,attaphon
จันทร์ทิพย์,chanthip,chanthip,chanthip,chanthip
นนทิยา,nonthiya,nonthiya,nonthiya,nonthiya
อาฮามะ,ahama,ahama,ahama,ahama
ภากร,phakon,phakon,phakon,phakon
ปุญชรัสมิ์,puncharasam,puncharat,puncharat,puncharat
เกียรติชัย,kiattichai,kiattichai,kiattichai,kiattichai
สุวพร,suwaphon,suwaphon,suwaphon,suwaphon
วิสูตร,wisut,wisut,wisut,wisut
โกเมนทร์,komen,komen,komen,komen
พรศิริ,phonsiri,phonsiri,phonsiri,phonsiri
ชวิน,chawin,chawin,chawin,chaoin
พิริยาภรณ์,phiriyaphon,phiriyaphon,phiriyaphon,phiriyaphon
วิภาภรณ์,wiphaphon,wiphaphon,wiphaphon,wiphaphon
ภัทรภรณ์,phattharaphon,phattharaphon,phattharaphon,phattharaphon
ประภาศรี,praphasira,praphasi,praphasri,praphasri
ปิยะพร,piyaphon,piyaphon,piyaphon,piyaphon
สุขุม,sukhum,sukhum,sukhum,sukhum
พงศ์ปณต,phongpanot,phongpanot,phongpanot,phongpanot
อัมภิกา,ammaphika,ammaphika,amphika,amphika
นิศา,nisa,nisa,nisa,nisa
คำพล,khamphon,khamphon,khamphon,khamphon
สุรักษ์,surak,surak,surak,surak
ศราวุธ,sarawut,sarawut,sarawut,saraout
นันธิญา,nanthiya,nanthiya,nanthiya,nanthiya
ก่อเกียรติ,kokiat,kokiatti,kokiat,kokiat
เลิศชาย,loetchai,loetchai,loetchai,loetchai
นัทพล,natthaphon,natthaphon,natthaphon,natthaphon
พลกฤต,phonkrit,phonlakrit,phonlakrit,phonlakrit
นิพาภรณ์,niphaphon,niphaphon,niphaphon,niphaphon
ภานุวัฒน์,phanuwat,phanuwat,phanuwat,phanuwat
เลียม,liam,liam,liam,liam
ปฐมาวดี,pathommawadi,pathamawadi,pathamawadi,pathamaoadi
ณัฐมน,natthamon,natthamon,natthamon,natthamon
สิทธิพล,sitthiphon,sitthiphon,sitthiphon,sitthiphon
นครินทร์,nakharin,nakharin,nakharin,nakharin
ชัยพงษ์,chaiyaphong,chaiyaphong,chaiyaphong,chaiyaphong
นุชนารถ,nutchanat,nutchanat,nutchanat,nutchanat
สุพรรณา,supphanan,suphana,suphanna,suphanna
ชยุดา,chayuda,chayuda,chayuda,chayuda
ธนัญชัย,thananchai,thananchai,thananchai,thananchai
สุพรรษา,supphansa,suphansa,suphansa,suphansa
ปฎิพัทธ์,padiphat,padiphat,patiphat,patiphat
ดรุวรรณ,daruwan,daruwan,daruwan,daruwan
วิธวัฒน์,witthawat,witthawat,witthawat,witthaoat
จิรภรณ์,chiraphon,chiraphon,chiraphon,chiraphon
ธเนตร,thanet,thanet,thanet,thanet
อัจฉราพรรณ,atcharaphan,atcharaphan,atcharaphan,atcharaphan
อธิราช,athirat,athirat,athirat,athirat
ณฤทธิ์,narit,narit,narit,narit
ปรเมศวร์,prommet,poramet,poramet,poramet
ประภัทร,praphat,praphat,praphat,praphat
สิริธร,sirithon,sirithon,sirithon,sirithon
อรรัตน์,anrat,ararat,onrat,onrat
ปิยมาภรณ์,piyamaphon,piyamaphon,piyamaphon,piyamaphon
ประวิทย์,prawit,prawit,prawit,praoit
อมฤต,amorit,amarit,amarit,amarit
ดาราภรณ์,daraphon,daraphon,daraphon,daraphon
โกลัญญา,konlaya,kolanya,kolanya,kolanya
จิราวรรณ,chirawan,chirawan,chirawan,chiraoan
ขวัญทิพย์,khwanthip,khwanthip,khwanthip,khwanthip
ศรันยา,saranya,saranya,saranya,saranya
ปาลีรัตน์,palirat,palirat,palirat,palirat
ฉัตรดนัย,chattanai,chatnai,chatdanai,chatdanai
สนชัย,sonchai,sonchai,sonchai,sonchai
พรพล,phonphon,phonphon,phonphon,phonphon
ธนายุทธ,thanayut,thanayut,thanayut,thanayut
ศุภาพร,suphaphon,suphaphon,suphaphon,suphaphon
อธิปัตย์,athipat,athipat,athipat,athipat
ปิณฑิรา,pinthira,pinthira,pindira,pindira
นัฐกร,natthakon,natthakon,natthakon,natthakon
เพ็ญรัตน์,phenrat,phenrat,phenrat,phenrat
เคน,khen,khen,khen,khen
แตง,taeng,taeng,taeng,taeng
ธัญพิชชา,thanphitcha,thanphitcha,thanyaphitcha,thanyaphitcha
เบญจา,bencha,bencha,bencha,bencha
อรยา,oraya,oraya,oraya,oraya
ศิรสิทธิ์,sirisati,sirasit,sirasit,sirasit
สัน,san,san,san,san
สุดธิดา,sutthida,sutthida,sutthida,sutthida
ศุภฤกษ์,supphrik,supphruek,suppharoek,suppharoek
ประมุข,pramuk,pramuk,pramuk,pramuk
ณรงค์กร,narongkon,narongkon,narongkon,narongkon
สุมารี,sumari,sumari,sumari,sumari
รัชนีภรณ์,ratchaniphon,ratchaniphon,ratchaniphon,ratchaniphon
เสกสรรค์,seksan,seksan,seksan,seksan
สิรินภา,sirinpha,sirinpha,sirinapha,sirinapha
พรประเสริฐ,phonprasoet,phonprasoet,phonprasoet,phonprasoet
สุนัดดา,sunatda,sunatda,sunatda,sunatda
วราพงษ์,waraphong,waraphong,waraphong,waraphong
ธีระพงค์,thiraphong,thiraphong,thiraphong,thiraphong
เกษราภรณ์,kesaraphon,kesaraphon,kesaraphon,kesaraphon
ทรงวุฒิ,songwut,songwut,songwut,songwut
บุญญาพร,bunyaphon,bunyaphon,bunyaphon,bunyaphon
วิทูร,withun,withun,withun,withun
เฉลิมขวัญ,chaloemkhwan,chaloemkhwan,chaloemkhwan,chaloemkhwan
สิริภรณ์,siriphon,siriphon,siriphon,siriphon
ไพรฑูรย์,phraithun,phraithun,phraithun,phraithun
ณัชพล,natchaphon,natchaphon,natchaphon,natchaphon
อัมรัน,ammaran,ammaran,ammaran,ammaran
สุวินัย,suwinai,suwinai,suwinai,suwinai
นิมิต,nimit,nimit,nimit,nimit
ชัยยุทธ,chaiyut,chaiyut,chaiyut,chaiyut
สุริยาวุธ,suriyawut,suriyawut,suriyawut,suriyaout
ประภาวรินทร์,praphawarin,praphawarin,praphawarin,praphaoarin
สุกาญดา,sukanda,sukanda,sukanda,sukanda
ธีระชัย,thirachai,thirachai,thirachai,thirachai
ชลดา,chonda,chalada,chonlada,chonlada
ณัฐรินีย์,natthirani,nattharini,natrini,natrini
ธมนวรรณ,thamanawan,thamonwan,thamonwan,thamonwan
วรุณยุพา,warunyupha,warunyupha,warunyupha,warunyupha
สลักจิต,salakchit,salakchit,salakchit,salakchit
ชลิดา,chalida,chalida,chalida,chalida
ภรทิพย์,phonthip,phonthip,phonthip,phonthip
ชญาน์นันท์,chayanan,chayanan,chayanan,chayanan
ยุวภา,yuwapha,yuwapha,yuwapha,yuwapha
ธิดาภรณ์,thidaphon,thidaphon,thidaphon,thidaphon
ประทุมทิพย์,prathumphit,prathumthip,prathumthip,prathumthip
นันทิกา,nanthika,nanthika,nanthika,nanthika
วาศิณี,wasini,wasini,wasini,wasini
ปิยานุช,piyanut,piyanut,piyanut,piyanut
สิริการย์,sirikan,sirikan,sirikan,sirikan
ไอลดา,ailada,ailada,ailada,ailada
หฤทัย,huerathai,haruethai,haruethai,haruethai
อรัญญา,aranya,aranya,aranya,aranya
พร้อมพรรณ,phromphan,phromphan,phromphan,phromphan
จิราภา,chirapha,chirapha,chirapha,chirapha
ลิตา,lita,lita,lita,lita
ฟารีด๊ะ,farida,farida,farida,farida
วรุณยุภา,warunyupha,warunyupha,warunyupha,warunyupha
ปภัสสรา,paphatsara,paphatsara,paphatsara,paphatsara
วิภาวี,wiphawi,wiphawi,wiphawi,wiphaoi
ธวัฒน์,thawat,thawat,thawat,thaoat
นิภาวรรณ์,niphawan,niphawan,niphawan,niphaoan
สาวิตตรี,sawittri,sawittri,sawittri,saoittri
มาลัยพร,malaiphon,malaiphon,malaiphon,malaiphon
คชา,khacha,khacha,khacha,khacha
อภินัทธ์,aphinat,aphinat,aphinat,aphinat
อรุณศักดิ์,arunsak,arunsak,arunsak,arunsak
อิสรียา,itsariya,itsariya,itsariya,itsariya
หฤษฎ์,harit,harit,harit,harit
ธนากฤต,thanakrit,thanakrit,thanakrit,thanakrit
ปุณฑริก,puntharik,puntharik,pundarik,pundarik
ธนศักดิ์,thanasak,thanasak,thanasak,thanasak
แคทลียา,khaethaliya,khaethaliya,khaethaliya,khaethaliya
บรรเลง,banleng,banleng,banleng,banleng
ประทุมวรรณ,prathumuan,prathumwan,prathumwan,prathumwan
อาแว,awae,awae,awae,aoae
เติมศักดิ์,toemsak,toemsak,toemsak,toemsak
คมเดช,khomdet,khomdet,khomdet,khomdet
วรัท,warat,warat,warat,warat
จิตรภณ,chittraphon,chittraphon,chittaphon,chittaphon
ญาณี,yani,yani,yani,yani
สุรวัฒน์,surawat,surawat,surawat,suraoat
ประสพโชค,prasopchok,prasopchaphok,prasopchok,prasopchok
วิภาวรรณ์,wiphawan,wiphawan,wiphawan,wiphaoan
เอกรัฐ,ekkarat,ekkarat,ekrat,ekrat
