Thai,Pred,answer
^นันทิยา$,nanthiya,nanthiya
^มนต์ชัย$,monchai,monchai
^ประภาพรรณ$,praphaphan,praphaphan
^เกณิกา$,kenika,kenika
^สมพล$,somphon,somphon
^ธมนวรรณ$,thamanawan,thamonwan
^ผการัตน์$,phakarat,phakarat
^คเณศ$,khanet,khanet
^ศิริพงศ์$,siriphom,siriphong
^ปณาลี$,panali,panali
^พรสุดา$,phresuda,phonsuda
^แพรวา$,phaerawa,phraewa
^รชนีกร$,rotchanikon,rachanikon
^พีระยุทธ$,phirayutthat,phirayut
^ตระกูล$,trakun,trakun
^ณัฐวิทย์$,yatthawit,natthawit
^ชวัลวิทย์$,chawanlawit,chawanwit
^สิทธินันท์$,sitthinan,sitthinan
^ศุจินันท์$,suchinan,suchinan
^สุกฤตา$,sukrueta,sukritta
^บงกช$,bongkot,bongkot
^ธีรวุฒิ$,thirawut,thirawut
^ลูกจันทร์$,lukchan,lukchan
^พุฒิพัฒน์$,phutthiphat,phutthiphat
^พรรณนิภา$,phannanipha,phannipha
^ณธิดา$,nathida,nathida
^เปรมจิตต์$,peramachit,premchit
^เผด็จ$,phadet,phadet
^ณัฐวรรณ$,natthawan,natthawan
^เกริกเกียรติ$,chekkiat,kroekkiat
^ณธกร$,natthakon,nathakon
^อรนันท์$,oranan,oranan
^ชุติวรรณ$,chuchuwan,chutiwan
^วรรณนิษา$,wannanina,wannisa
^บุญโชค$,bunchok,bunchok
^อลงกรณ์$,alongkon,alongkon
^จวงจันทร์$,chawongchan,chuangchan
^สุวัจชัย$,suwatchai,suwatchai
^ธรณินทร์$,thoranin,thoranin
^สุกัญยา$,sukanya,sukanya
^จรุง$,charung,charung
^วัชรีวรรณ$,watchariwanna,watchariwan
^วิยดา$,wida,wiyada
^พีรภัทร$,phiraphat,phiraphat
^ปาลีรัตน์$,palirat,palirat
^จักรกริช$,chakkrakrit,chakkrit
^เนรมิต$,neramit,neramit
^นงค์รัก$,nongrak,nongrak
^ชินภัทร$,chinnaphat,chinnaphat
^ภิญญาพัชญ์$,phaphinyaphat,phinyaphat
^แก้วกาญจน์$,kaeokancha,kaeokan
^สุรเทพ$,suret,surathep
^เกรียงเดช$,hengkriangdet,kriangdet
^ขวัญนภา$,khawanpha,khwannapha
^นวลศรี$,nonsiwa,nuansri
^นิภาธร$,niphathon,niphathon
^เชิดชัย$,choetchai,choetchai
^มาลี$,mali,mali
^นิษา$,nisa,nisa
^เดชฤทธิ์$,detthi,detrit
^จรูญ$,charun,charun
^เฉลิมฤทธิ์$,chaloemrit,chaloemrit
^สุริยาพร$,suriyaphon,suriyaphon
^ชาคริยา$,chakhariya,chakhriya
^อัญธิกา$,anthika,anthika
^วลัยลักษณ์$,walaiyalak,walailak
^น้ำเพชร$,namphet,namphet
^ปิยาณี$,papiyani,piyani
^วัชรีย์$,watchari,watchari
^ชิติพัทธ์$,chittiphat,chitiphat
^วีรดา$,wirada,wirada
^ชัยยุทธ$,chaiyayut,chaiyut
^รัชนก$,ratchanok,ratchanok
^โอวาท$,owat,owat
^อารีย์วรรณ$,ariyanran,ariwan
^นิชาภา$,nichapha,nichapha
^จรัสพร$,charatsaphon,charatphon
^พัณณ์ชิตา$,phanchita,phanchita
^ภูริช$,phurit,phurit
^ชัยทัศน์$,chaina,chaithat
^ธาวิน$,thawin,thawin
^ธาริณี$,tharini,tharini
^เฉลิมชาติ$,chaloelimat,chaloemchat
^อนงค์$,anong,anong
^ก้องภพ$,kongphop,kongphop
^นรชัย$,norachai,norachai
^ปภาวรินทร์$,paphawarin,paphawarin
^อดิสร$,adison,adison
^ชัยภูมิ$,chaiyaphum,chaiyaphum
^พรเลิศ$,phonloet,phonloet
^รำพรรณ$,ramphamran,ramphan
^พัทธยา$,phatthaya,phatthaya
^อัมพล$,ammaphon,amphon
^เอกภาพ$,ekphap,ekkaphap
^วิสิษฐ์$,wisit,wisit
^วีระชน$,wirachon,wirachon
^จิรพล$,chiraphon,chiraphon
^วิสุดา$,wisuda,wisuda
^ศจีรัตน์$,sachirat,sachirat
^นิพนธ์$,niphon,niphon
^พิริยาภรณ์$,phiriyaron,phiriyaphon
^เทียมจันทร์$,thiammachan,thiamchan
^นาถลดา$,nathonda,natlada
^ศรินทร์ทิพย์$,sarinthip,sarinthip
^อนิรุธ$,anirut,anirut
^นุชนาฏ$,nutchanat,nutchanat
^เฉลิมพงษ์$,chaloemphong,chaloemphong
^นงลักษณ์$,nongla,nonglak
^บัวลอย$,bualoi,bualoi
^จรัสพงษ์$,charatsa,charatphong
^ประทาน$,prathan,prathan
^ธันยรัศมิ์$,thannayarat,thanyarat
^ภัทรฤทัย$,phattharararathai,phatthararuethai
^สุธาริณี$,sutharini,sutharini
^อ้อมใจ$,omchai,omchai
^นภชนก$,nopphachonok,nopchanok
^สงคราม$,songkhram,songkhram
^ปุณยนุช$,punyanut,punyanut
^เทพพร$,theppha,thepphon
^จิรวรรณ$,chachiranna,chirawan
^ธันยบูรณ์$,thanyabun,thanyabun
^เครือฟ้า$,khrueafa,khrueafa
^ประภาศ$,praphat,praphat
^ธนากร$,thanakon,thanakon
^ณัฐณิชาช์$,natthanicha,natnicha
^ศุภลักษณ์$,suphala,supphalak
^สุทธิโรจน์$,sutthirot,sutthirot
^อติวิชญ์$,atiwit,atiwit
^เทพฤทธิ์$,therit,theprit
^นัจนันท์$,nattha,natchanan
^ภาวินี$,phawini,phawini
^สุนีย์รัตน์$,sunirat,sunirat
^ศุภาวีร์$,suphawi,suphawi
^นิโรจน์$,nirot,nirot
^ดรุณวรรณ$,darunnanran,darunwan
^รักพงษ์$,rakphong,rakphong
^พิลาสลักษณ์$,philasalak,philatlak
^สุภัทรา$,suphatra,suphatthra
^มะลัย$,malai,malai
^สิทธิพงศ์$,sitthiphong,sitthiphong
^นรินทร์ทิพย์$,naranithip,narinthip
^พลกฤต$,phonkrit,phonlakrit
^พิธาน$,phithan,phithan
^ณัฏฐา$,yattha,nattha
^รัชภร$,ratchaphon,ratchaphon
^ชัยธัช$,chaiyatthat,chaithat
^จิตรี$,chittri,chittri
^ธเนตร$,thanet,thanet
^สุทธี$,sutthi,sutthi
^ฐิติวัฒน์$,thitiwat,thitiwat
^ยะยา$,yaya,yaya
^วัลยา$,wanya,wanlaya
^ชื่นใจ$,chuenchai,chuenchai
^หะมะ$,hama,hama
^สมเจตต์$,somchet,somchet
^ภูริวัจน์$,phuriwat,phuriwat
^ขรรค์ชัย$,khanchai,khanchai
^อัจฉรีย์$,atchari,atchari
^พรรณรัตน์$,phan,phannarat
^ธนวรรธน์$,thanawat,thanawat
^สุจิรา$,suchira,suchira
^อนุชัย$,anuchai,anuchai
^ทนง$,thanong,thanong
^อรัญญา$,aranya,aranya
^สุกันยา$,sukanya,sukanya
^ยรรยงค์$,yanya,yanyong
^ชัยวิวัฒน์$,chaiyawiwat,chaiwiwat
^ธีรพัฒน์$,thiraphat,thiraphat
^ศิรินุช$,sirinut,sirinut
^นันทพล$,nanthaphon,nanthaphon
^ชัยวัฒน์$,chaiyawat,chaiyawat
^พรธิภา$,phorathipha,phonthipha
^ณัฐนรี$,natthanari,natnari
^วศิน$,wasin,wasin
^พรรณิการ์$,pharanika,phannika
^สุวณี$,suwani,suwani
^ณัฐรดี$,nattharadi,natradi
^ณัฎฐ์$,nat,nat
^อชิรญา$,achiya,achiraya
^วัชรากรณ์$,watcharakon,watcharakon
^วิชิตชัย$,wichitchai,wichitchai
^คทาวุธ$,khathawut,khathawut
^รุ่งชัย$,rungchai,rungchai
^ภาณุพงค์$,phanuphong,phanuphong
^จิระเดช$,chiradet,chiradet
^คมกริช$,khomkomrit,khomkrit
^เอกอนันต์$,ekanan,ekanan
^ศุภสิน$,supphasina,supphasin
^สุชานาฏ$,suchanat,suchanat
^ปริญญาพร$,parinyaphon,parinyaphon
^อิสระพงศ์$,itsaraphom,itsaraphong
^รัชฏาภรณ์$,ratchataphon,ratchadaphon
^อุมาพร$,umaphon,umaphon
^วชิรพงศ์$,wawiraphong,wachiraphong
^ประกายมาศ$,prakaiyasat,prakaimat
^เสกสรร$,seksan,seksan
^นุชดา$,nutda,nutchada
^ณาตยา$,natya,nattaya
^สิทธิพัฒน์$,itthiphat,sitthiphat
^วิมลณัฐ$,wimolanat,wimonnat
^พชรพล$,phatchonphon,phacharaphon
^ปริทัศน์$,parithat,parithat
^สุโรจน์$,hurot,surot
^นิสิตา$,nisita,nisita
^ทนงค์ศักดิ์$,thanongsak,thanongsak
^นนท์$,non,non
^เบญจมาส$,beyatmat,benchamat
^ละม้าย$,lamai,lamai
^สนชัย$,sonchai,sonchai
^บุญโชติ$,bunchoti,bunchot
^วินิต$,winit,winit
^นันทศักดิ์$,nanthasak,nanthasak
^นทีธร$,nathithon,nathithon
^ประกาศิต$,prakasit,prakasit
^ธนพงษ์$,thonphowong,thanaphong
^เพ็ญจิตร$,phenchi,phenchit
^ทินภัทร$,thinnaphat,thinnaphat
^รินรดา$,rinda,rinrada
^ศิโรรัตน์$,sirorat,sirorat
^ราชัน$,rachan,rachan
^ทิวาพร$,thiwaphron,thiwaphon
^ธนชาต$,thonmat,thanachat
^เรไร$,rerai,rerai
^เบ็ญจา$,bencha,bencha
^อาทิติยา$,athitya,athitiya
^สุพิชญา$,suphitya,suphitchaya
^วลีรัตน์$,walirat,walirat
^พนารัตน์$,phanarat,phanarat
^สุมลทา$,sumontha,sumontha
^ธนาวัฒน์$,thanawat,thanawat
^เทพชัย$,thepphaicha,theppachai
^จักรกฤช$,chakkrakrit,chakkrit
^รัชฎาภรณ์$,ratchadaphon,ratchadaphon
^พยนต์$,phayon,phayon
^อาณัติ$,anat,anat
^ดารุณี$,daruni,daruni
^จิตติ$,chitti,chitti
^อรรถสิทธิ์$,atthi,attasit
^ถิรเดช$,thiradet,thiradet
^ณัฐภูมิ$,yatthaphum,natthaphum
^ชนพัฒน์$,chonnaphat,chonnaphat
^ทิพยาภรณ์$,thipphayaphon,thipphayaphon
^วาที$,wathi,wathi
^นิยะดา$,niyada,niyada
^คณากร$,khanakakon,khanakon
^อภิเชษฐ์$,aphilet,aphichet
^อรอนงค์$,oronong,onanong
^สาทิตย์$,sathit,sathit
^รัติยา$,rattiya,rattiya
^รวมพร$,ruamphon,ruamphon
^นิภาภรณ์$,nipharon,niphaphon
^ผกาภรณ์$,phakaron,phakaphon
^สุภัตรา$,suphatra,suphattra
^อิทธิพงศ์$,itthiphong,itthiphong
^หาญ$,han,han
^จิรพรรณ$,chachiphan,chiraphan
^บัวบาน$,buaban,buaban
^จีรภา$,chirapha,chirapha
^รัชนีภรณ์$,ratchaniphon,ratchaniphon
^พฤกษ์$,phruek,phruek
^สวิตต์$,sawit,sawit
^ภูริวัฒน์$,phuriwat,phuriwat
^แตง$,taengkaeng,taeng
^ฉัตรลดา$,chatcharala,chatlada
^ศักดิ์ดา$,da,sakda
^ดรรชนี$,datchani,datchani
^เหมือนฝัน$,hamueanfan,mueanfan
^พิณรัตน์$,phinarat,phinnarat
^สารภี$,saraphi,saraphi
^ชานน$,chanon,chanon
^ทิชา$,thicha,thicha
^พิมพ์พจี$,phimphachi,phimphachi
^นฤทธิ์$,narit,narit
^วาทิณี$,lathini,wathini
^พิมพ์สิริ$,phimsiri,phimsiri
^ยาการียา$,yakariya,yakariya
^พีรพล$,phiraphon,phiraphon
^เอกดนัย$,ekotnai,ekdanai
^วงจันทร์$,wongchan,wongchan
^ศิรินธร$,sirinathon,sirinthon
^อธิวัฒน์$,athiwat,athiwat
^สุภาพันธ์$,suphaphan,suphaphan
^วิษณุพงษ์$,winunong,witsanuphong
^จีระภา$,chirapha,chirapha
^นิรชา$,niracha,niracha
^ฐิติพันธ์$,thitiphan,thitiphan
^ขจร$,khachon,khachon
^ทวีเดช$,thawidet,thawidet
^ปิ่นสุดา$,pinsuda,pinsuda
^ดัสกร$,datsakon,datsakon
^นันทินี$,nanthini,nanthini
^พัฒนชัย$,phatthanachai,phatthanachai
^นุชนาฎ$,nutchanat,nutchanat
^สันต์$,san,san
^นิติธร$,nitithon,nitithon
^เบญจภา$,bayetpha,benchapha
^วัชรศักดิ์$,watchawatsa,watcharasak
^พิสุทธิ์$,phisut,phisut
^วัลย์ลิกา$,wanlika,wanlika
^ชลวิทย์$,chonlawit,chonlawit
^ศักดิ์ชัย$,sakchai,sakchai
^อุดมเดช$,udomdet,udomdet
^นิสรีน$,nitsin,nisarin
^ราวี$,rawi,rawi
^ธัญภา$,thanyapha,thanyapha
^ชลิดา$,chalida,chalida
^พัชราวลัย$,phatcharawalai,phatcharawalai
^ตวงรัตน์$,tuarat,tuangrat
^บุศราภรณ์$,butsaraphon,butsaraphon
^วัชรี$,watchira,watchari
^อรรถ$,attha,at
^ปรมินทร์$,paramin,poramin
^ประภัสรา$,praphatra,praphatsara
^เบญจมา$,beyatma,benchama
^วชิร$,wachira,wachira
^อนุวัฒน์$,anuwat,anuwat
^จันทวรรณ$,chanthawan,chanthawan
^วีระพันธ์$,wiraphan,wiraphan
^ธีระพัฒน์$,thiraphat,thiraphat
^ภัคจิรา$,phakchira,phakchira
^วิลัยรัตน์$,wilairat,wilairat
^ปรัชญ์$,parat,prat
^ณัฎฐพล$,natthaphon,natthaphon
^พิมพ์พรรณ$,phimphan,phimphan
^ชญาณิศา$,chayanisa,chayanisa
^อภินันท์$,aphinan,aphinan
^ภัทรพรรณ$,phattharaphan,phattharaphan
^ศาสตรา$,sattra,sattra
^จินดานุช$,chindanut,chindanut
^เอ็นดู$,endu,endu
^กุหลาบ$,kulap,kulap
^สิริจันทร์$,sirichan,sirichan
^สันชัย$,sanchai,sanchai
^อับดุลเลาะห์$,apdunlo,apdunlo
^สิริกาญจน์$,sirikancha,sirikan
^สิรินภา$,sirinpha,sirinapha
^จิรชาติ$,chirachat,chirachat
^อุมารินทร์$,umarin,umarin
^เรืองฤทธิ์$,rueangrit,rueangrit
^ศุลีพร$,suliphon,suliphon
^อัจฉราพร$,atchara,atcharaphon
^จิรานุช$,chiranut,chiranut
^พิริยะ$,phiriya,phiriya
^นวลนภา$,nuanpha,nuannapha
^อานัน$,anan,anan
^สงวนศักดิ์$,sanguansa,sanguansak
^ธนะศักดิ์$,thanasak,thanasak
^รัฐวิทย์$,ratthawit,ratthawit
^พลอยนภัส$,phaloinaphat,phloinaphat
^ญาณินท์$,yanin,yanin
^ยุวรี$,yuwari,yuwari
^นิสิต$,nisit,nisit
^ยุวภา$,yuwapha,yuwapha
^ชูวิทย์$,chuwit,chuwit
^จิรัชญา$,chiratya,chiratchaya
^บรรพต$,banphot,banphot
^ปิยะพร$,papiron,piyaphon
^รุสลัน$,rutrasalan,rutsalan
^รัตนศักดิ์$,rattanasak,rattanasak
^มณียา$,maniya,maniya
^ไวพจน์$,waiphat,waiphot
^จิราวุฒิ$,chirawut,chirawut
^ปิยมน$,piyamon,piyamon
^ฉัตรนภา$,chattranapha,chatnapha
^ชุติพงศ์$,chuttiphong,chutiphong
^อัฐพล$,atthaphon,attaphon
^รุจ$,rut,rut
^ณัฐชนน$,natthachonon,natchanon
^เมธินี$,methini,methini
^เถลิงศักดิ์$,thaloeloengsak,thaloengsak
^สุชารัตน์$,sucharat,sucharat
^นูรียะ$,nuriya,nuriya
^ธนาศักดิ์$,thanasak,thanasak
^อาซิ$,asi,asi
^ทิตยา$,thitya,thittaya
^ขันคำ$,khankham,khankham
^ชญาน์นันท์$,chayanan,chayanan
^ธนวัตร$,thanawat,thanawat
^จันทรัสม์$,chantharat,chantharat
^ภัทราวดี$,phatrarawawadi,phattharawadi
^สันติพงศ์$,santiphong,santiphong
^วาทินี$,wathini,wathini
^สะมาแอ$,samaae,samaae
^รณภูมิ$,ronnaphum,ronnaphum
^วิรดา$,widarada,wirada
^ธีรวรรณ$,thirawanna,thirawan
^สุรชาติ$,surachat,surachat
^ปกาศิต$,pakasit,pakasit
^ธนาภร$,thanaphon,thanaphon
^ไมตรี$,maitri,maitri
^สรรชัย$,sanchai,sanchai
^รติรัตน์$,ratirat,ratirat
^เทอดเกียรติ$,thoetkiat,thoetkiat
^มณีเนตร$,mamaninet,maninet
^นวลปราง$,nuanprang,nuanprang
^วรุตม์$,warut,warut
^สุรีย์ภรณ์$,huriyon,suriphon
^เฉลิมรัฐ$,chaloemrat,chaloemrat
^เอกพล$,ekphon,ekkaphon
^ศุภวิชญ์$,supphawit,supphawit
^ฟาติมา$,fatma,fatima
^อารีรักษ์$,arirak,arirak
^อดิสรณ์$,adison,adison
^ณัฐพล$,yatthaphon,natthaphon
^ลำใย$,lamyai,lamyai
^ภูมิภัทร$,phumiphat,phumiphat
^โกเมน$,hekmen,komen
^ปิยชาติ$,piyachat,piyachat
^ฉัตรพล$,chattraphon,chatphon
^สุรเกียรติ$,surakiat,surakiat
^อัครินทร์$,akri,akkarin
^พิชญดา$,phichonda,phitchayada
^ธารินี$,tharini,tharini
^วิริยาภรณ์$,wiriyaron,wiriyaphon
^พรศรี$,phruettri,phonsi
^จักร$,chak,chak
^บงกชรัตน์$,bobokrat,bongkotcharat
^สหัส$,sahat,sahat
^รุ้งนภา$,rungphanapha,rungnapha
^ราเชน$,rachen,rachen
^จันทร์จิรา$,chanchira,chancira
^นิคม$,nikhom,nikhom
^สุปรียา$,supriya,supriya
^นิดา$,nida,nida
^เกียรติภูมิ$,kiatphuriphum,kiattiphum
^วีระยุทธ์$,wirayut,wirayut
^วรารักษ์$,wararak,wararak
^สุขเกษม$,suksem,sukkasem
^ปิยมาส$,piyamat,piyamat
^วรัชยา$,waratchaya,waratchaya
^อามีนะห์$,amina,amina
^สริตา$,sarita,sarita
^ปุญชรัสมิ์$,punatcha,puncharat
^ชาญศิลป์$,chanmin,chansin
^คุณานนต์$,khukhunon,khunanon
^นฤพล$,naruephon,naruephon
^ณัฐณิชา$,natthanicha,natnicha
^พงศกรณ์$,phongsakon,phongsakon
^ธีระพงค์$,thiraphong,thiraphong
^สาธิดา$,sathida,sathida
^บุณยานุช$,bunyanut,bunyanut
^สุมิตตรา$,sumittra,sumittra
^สิปปกร$,sippakon,sippakon
^ทิพสุดา$,thipsuda,thipsuda
^จิรพัฒน์$,thiraphat,chiraphat
^เสาวรีย์$,saowari,saowari
^ชวันรัตน์$,chawanrat,chawanrat
^นัทพล$,natthaphon,natthaphon
^จรวยพร$,chuaiphon,charuaiphon
^พิราภรณ์$,phiraphon,phiraphon
^ลัดดาภรณ์$,latdaphon,latdaphon
^อภิชิต$,aphichit,aphichit
^เกสร$,keson,keson
^ปุณยภา$,punyapha,punyapha
^ชมภูนุช$,chomphunut,chomphunut
^อนุวัติ$,anuwat,anuwat
^สันติศักดิ์$,santisak,santisak
^ช่อลัดดา$,cholatda,cholatda
^คำแปง$,khampaeng,khampaeng
^พิชชาภัทร์$,phitchachaphat,phitchaphat
^ญานิศา$,yanisa,yanisa
^บัณฑูร$,banthun,banthun
^ศุภาพร$,supharon,suphaphon
^ณิชาภา$,nichapha,nichapha
^ธนาภรณ์$,thanaphron,thanaphon
^ภูมิ$,phu,phum
^ภคอร$,phakhon,phakhaon
^วงเดือน$,wongduan,wongduean
^เก่งกาจ$,kengkat,kengkat
^จตุภัทร$,chatuphat,chatuphat
^ธำรงศักดิ์$,thamthamsakak,thamrongsak
^สุธามาศ$,suthamat,suthamat
^ชยพล$,chaiphon,chayaphon
^อัญชรีย์$,anyari,anchari
^รมิดา$,ramida,ramida
^สิทธา$,sittha,sittha
^ธเนศร์$,thanet,thanet
^บุณณดา$,bunnada,bunnada
^อดินันต์$,adinan,adinan
^รัชชานนท์$,ratchachanon,ratchanon
^ดนุเดช$,danudet,danudet
^ศุภิดา$,suphida,suphida
^ชารีฟ$,charif,charip
^ชิงชัย$,chingchai,chingchai
^ธีริศรา$,thiritsa,thirisara
^นริศรา$,naritsa,narisara
^วิทูร$,withun,withun
^ภคิน$,phakhin,phakhin
^ประสิทธิ$,prasitthi,prasit
^ปฎิพัทธ์$,padiphat,patiphat
^สิรี$,siri,siri
^สาธิกา$,sathika,sathika
^ศักดินันท์$,sakdinan,sakdinan
^วรัญญู$,waranyu,waranyu
^อาภัสรา$,aphatsa,aphatsara
^อุสาห์$,usa,usa
^รพีพงศ์$,raphiphong,raphiphong
^สุนันทา$,sunantha,sunantha
^สาม$,sam,sam
^ลำยงค์$,lamyong,lamyong
^พัฒนพล$,phatthonphan,phatthanaphon
^สุขสันต์$,susan,suksan
^อับดุลเลาะ$,apdunlo,apdunlo
^ภัทรวรรณ$,phattharawan,phattharawan
^ปรางทอง$,parangthong,prangthong
^เด่นพงษ์$,denphong,denphong
^วิทิต$,withit,withit
^วชิราพร$,wachiraphon,wachiraphon
^สิงขร$,singkhon,singkhon
^สุริยา$,uriya,suriya
^วัลลีย์$,wanli,wanli
^ศิริณา$,sirina,sirina
^วชิรพล$,wachiraphon,wachiraphon
^พรอณง$,phronngong,phonanong
^ศรุตยา$,sarutya,saruttaya
^นเรศน์$,naret,naret
^ธนัช$,thanat,thanat
^พงษ์ศธร$,phongsathon,phongsathon
^ต้องใจ$,tongchai,tongchai
^ทิวากร$,thiwakon,thiwakon
^อุทัยวรรณ์$,uthaiyawan,uthaiwan
^พัชรียา$,phatriya,phatchariya
^มลทิรา$,monthira,monthira
^จิรัฐิติกาล$,chiraratthikikan,chirattikan
^ศุภารัตน์$,supharat,supharat
^อาภาพร$,aphaphron,aphaphon
^ทรงธรรม$,songtham,songtham
^สหพล$,sahaphon,sahaphon
^ภัชรา$,phatchara,phatchara
^ปิยะ$,payiya,piya
^ธีระเดช$,thiradet,thiradet
^อิทธิศักดิ์$,itthisak,itthisak
^ชนิภา$,chanipha,chanipha
^นรเทพ$,nonthep,norathep
^รักเกียรติ$,rakkakiat,rakkiat
^ขจี$,khachi,khachi
^สุชิรา$,suchira,suchira
^วิภาพร$,wipharon,wiphaphon
^ชญานุช$,chayanut,chayanut
^คอรีเยาะ$,khoriyo,khoriyo
^จิตรดา$,chitda,chitrada
^ฐานวีร์$,thanwiwi,thanawi
^เจตพล$,chettaphon,chetphon
^พรรณราย$,phanrai,phannarai
^พรพล$,phonla,phonphon
^ก่อเกียรติ$,kokiat,kokiat
^ศิริพงษ์$,sirikhong,siriphong
^สันติภาพ$,santiphap,santiphap
^ณัฐชนนท์$,watthachanon,natchanon
^นัฏฐา$,nattha,nattha
^ชวัลลักษณ์$,chawanlalak,chawanlak
^ทิพยา$,thipya,thipphaya
^เกตุแก้ว$,kekkaeo,ketkaeo
^บุตรี$,butri,butri
^รัฐวุฒิ$,ratthit,ratthawut
^เจตน์$,chet,chet
^รำไพ$,ramphai,ramphai
^ปิยะชาติ$,piyachat,piyachat
^ยุรนันท์$,yuranan,yuranan
^รินทร์ลภัส$,rintharaphat,rinlaphat
^วีระพล$,wiraphon,wiraphon
^สุวดี$,suwadi,suwadi
^สุดคนึง$,sutnueng,sutkhanueng
^วุฒิศักดิ์$,wuthisak,wutthisak
^วิจิตรา$,wichitra,wichittra
^สรสิช$,sorasit,sorasit
^สิริวรรณ$,asiriwan,siriwan
^ผกามาศ$,phakamat,phakamat
^นิรุตติ$,nirutti,nirut
^อรรถพันธ์$,attha,attaphan
^มณทิชา$,monthicha,monthicha
^เนติมา$,netima,netima
^สุภวรรณ$,suphawan,supphawan
^วิรัติ$,wirat,wirat
^มลิ$,mali,mali
^ทรายแก้ว$,saikaeo,saikaeo
^วณิชญา$,wawinitya,wanitchaya
^มลตรี$,montri,montri
^ปฏิพัทธ์$,patiphat,patiphat
^ธิดาวัลย์$,thidawan,thidawan
^ธัชพล$,thatchaphon,thatchaphon
^นันทภพ$,nanthaphop,nanthaphop
^รัชนีพร$,ratchaniphron,ratchaniphon
^อมฤต$,amarit,amarit
^ทิพาพร$,thiphatron,thiphaphon
^วรวรรธน์$,wuarattha,worawat
^รำไพพรรณ$,ramphaiphan,ramphaiphan
^รุสดี$,rutsika,rutsadi
^พบพร$,phopphon,phopphon
^แวหามะ$,waehama,waehama
^ชยาภัสร์$,chayaphat,chayaphat
^วริศ$,warit,warit
^สมกมล$,somkomon,somkamon
^อภิสรา$,aphisa,aphisara
^อธิพันธ์$,athiphan,athiphan
^ทีปกร$,thipka,thipakon
^สมศรี$,somsi,somsi
^สุทิสา$,suthisa,suthisa
^รักชาติ$,rakki,rakchat
^อธิบดี$,athipdibadi,athibodi
^ครรชิตพล$,khatkharittaphon,khanchitphon
^ทัศวรรณ์$,thatsawan,thatsawan
^ปาริฉัตต์$,parichat,parichat
^ฐานมาศ$,thanmat,thanamat
^มานี$,mani,mani
^คมชาญ$,khomchan,khomchan
^รวิกานต์$,rawikan,rawika
^ธีรภัทร์$,thiraphat,thiraphat
^ชยุดา$,chayuda,chayuda
^เจด็จ$,chadet,chadet
^คาวี$,khawi,khawi
^อธิษฐ์$,athit,athit
^ตรีนุช$,tratrinut,trinut
^เพ็ญศรี$,phensi,phensi
^จิรวัฒน์$,thirawat,chirawat
^หนูพัด$,nuphat,nuphat
^ไตรสิทธิ์$,thi,traisit
^นฤพร$,naruephon,naruephon
^อนัญลักษณ์$,ananyalak,ananlak
^ฟองคำ$,fongkham,fongkham
^พรณิชา$,pharanicha,phonnicha
^สุภารัตน์$,supharat,supharat
^พรสิริ$,pharasiri,phonsiri
^อรุณรัตน์$,arunnat,arunrat
^สะรี$,sari,sari
^บรรจบ$,banchop,banchop
^ศิริกาญจน์$,sirikancha,sirikan
^ธนากฤต$,thanakrit,thanakrit
^ปัญชลีย์$,panchali,panchali
^ศรัณย์พร$,saranya,saranphon
^เบญจพล$,bayetphon,benchaphon
^วิภพ$,wiphop,wiphop
^ธนวรรณ$,thanawan,thanawan
^พินัย$,phinai,phinai
^อ้อมทิพย์$,omthip,omthip
^ธง$,thong,thong
^อาจหาญ$,athan,athan
^ฐิติ$,thiti,thiti
^แคทรียา$,khaekriya,khaesiya
^เรืองอุไร$,rueangurai,rueangurai
^โสภณัฐ$,hasophanat,sophanat
^วัชรพงศ์$,watcharachompho,watcharaphong
^สรไกร$,sonkrai,sorakrai
^นันทพร$,nanthaphon,nanthaphon
^พัฒนาพร$,phatthanaphon,phatthanaphon
^ชิษณุ$,chitnu,chitsanu
^จันทิมา$,chanthima,chanthima
^นพชัย$,nopphachai,nopphachai
^ศุภศิลป์$,supharasin,supphasin
^ประกาศ$,prakat,prakat
^พิภพ$,phiphop,phiphop
^นภัสวรรณ$,naphaphatsawan,naphatsawan
^ไชยสิทธิ์$,chaichaisit,chaisit
^ณัฎฐธิดา$,natthathida,natthathida
^สุชาย$,suchai,suchai
^สิทธิ$,sitthi,sitthi
^จิรเดช$,chiradet,chiradet
^อัครา$,akkhra,akkara
^อธิปัตย์$,athipat,athipat
^ธนาวิทย์$,thanawit,thanawit
^สุนิสา$,sunisa,sunisa
^รัชยา$,ratchaya,ratchaya
^เกรียงไกร$,kriangkrai,kriangkrai
^สุธรรม$,sutham,sutham
^ประภารัตน์$,prapharat,prapharat
^อานีซะห์$,anisa,anisa
^ชนวีร์$,chonwawi,chanawi
^ภูรินทร์$,phurin,phurin
^วดี$,wadi,wadi
^สานิตย์$,sanit,sanit
^ธนะสิทธิ์$,thanasit,thanasit
^นันท์นภัส$,nanphat,nannaphat
^พุทธิพงษ์$,phutthiphong,phutthiphong
^ฐิตาภา$,thitapha,thitapha
^นันทนา$,nanthana,nanthana
^นกแก้ว$,nokkaeo,nokkaeo
^ลักษณพร$,laksanaphron,laksanaphon
^ไชยพร$,maichaiphon,chaiphon
^ชื่นชม$,chuenchom,chuenchom
^ภัควลัญชญ์$,phapwalan,phakwalan
^วีรวิชญ์$,wirawit,wirawit
^ปัญญาภรณ์$,panyaphon,panyaphon
^มาลีรัตน์$,malirat,malirat
^ยูโซะ$,yusa,yuso
^ณัฐธีรา$,natthira,natthira
^ธเนศพล$,thanetso,thanetphon
^สุขุมาล$,sukhuman,sukhuman
^ภาวัต$,phawat,phawat
^ภูมิพัฒน์$,phumiphat,phumiphat
^ภรทิพย์$,pharathip,phonthip
^ปราชญ์$,pa,prat
^สินีนาฎ$,sininat,sininat
^อภิเชษฐ$,aphichettha,aphichet
^ดาเรศ$,daret,daret
^สมฤกษ์$,somroek,somroek
^ปิยะนุช$,papiyuchot,piyanut
^วิญญู$,winyu,winyu
^พิมพ์พิชชา$,phimphitcha,phimphitcha
^อารีนี$,arini,arini
^จิรชัย$,chachirachai,chirachai
