thai,answer,tltk,pred1,pred2
เกศกนก,ketkanok,ketkanok,ketkanok,ketkanok
แสงระวี,saengrawi,saengraoi,saengrawi,saengrawi
ปัญจรัตน์,pancharat,pancharat,pancharat,pancharat
วรรณนิดา,wannida,wannida,wannida,wannida
เอกภาพ,ekkaphap,ekkaphap,ekkaphap,ekkaphap
พัชระ,phatchara,phatchara,phatchara,phatchara
นนทชัย,nonthachai,nonthachai,nonthachai,nonthachai
รัตตินันท์,rattinan,rattinan,rattinan,rattinan
แอนนา,aenna,aenna,aenna,aenna
จิรายุทธ,chirayut,chirayut,chirayut,chirayut
วิยดา,wiyada,wiyada,wiyada,wiyada
ยุวรี,yuwari,yuwari,yuwari,yuwari
รัชพร,ratchaphon,ratchaphon,ratchaphon,ratchaphon
อิสริยาภรณ์,itsariyaphon,itsariyaphon,itsariyaphon,itsariyaphon
จรุง,charung,charung,charung,charung
วไลลักษณ์,walailak,walailak,walailak,wailak
อรรนพ,annop,annop,annop,annop
ประวีณา,prawina,praoina,prawina,prawina
รัตยา,rattaya,rattaya,rattaya,rattaya
โอฬาร,olan,olan,olan,olan
ภาณุวัตร,phanuwat,phanuwat,phanuwat,phanuwat
วิภาภรณ์,wiphaphon,wiphaphon,wiphaphon,wiphaphon
ธีระศักดิ์,thirasak,thirasak,thirasak,thirasak
ประภาวรินทร์,praphawarin,praphaoarin,praphawarin,praphawarin
ธัญญะ,thanya,thanya,thanya,thanya
รำไพพรรณ,ramphaiphan,ramphaiphan,rampaiphan,ramphaiphan
บุษกร,butsakon,butsakon,butsakon,butsakon
พิศิษฐ,phisit,phisit,phisit,phisit
พีรวุฒิ,phirawut,phiraout,phirawut,phirawut
ปวีณ,pawin,paoin,pawin,pawin
ปรียนุช,priyanut,priyanut,priyanut,priyanut
อรัญ,aran,aran,aran,aran
ธิรดา,thirada,thirada,thirada,thirada
เฉลิมศักดิ์,chaloemsak,chaloemsak,chaloemsak,chaloemsak
นันทิชา,nanthicha,nanthicha,nanthicha,nanthicha
ปิยะณัฐ,piyanat,piyanat,piyanat,piyanat
รณกฤต,ronnakrit,ronnakrit,ronnakrit,ronnakrit
บัณฑูร,banthun,banthun,banthun,banthun
ภูวดล,phuwadon,phuwadon,phuwadon,phuwadon
โสภาพรรณ,sophaphan,sophaphan,sophaphan,sophaphan
สุริโย,suriyo,suriyo,suriyo,suriyo
นูรีย๊ะ,nuriya,nuriya,nuriya,nuriya
ศรัณย์พร,saranphon,saranphon,saranphon,saranphon
อุบลวรรณ,ubonwan,ubonwan,ubonwan,ubonwan
เหรียญชัย,rianchai,rianchai,rianchai,rianchai
วิทยากร,witthayakon,witthayakon,witthayakon,witthayakon
จิราพัชร,chiraphat,chiraphat,chirapchat,chiraphat
บานเย็น,banyen,banyen,banyen,banyen
ปิยะรัตน์,piyarat,piyarat,piyarat,piyarat
อัครพงษ์,akkharaphong,akkharaphong,akkharaphong,akkharaphong
รัชดาพร,ratchadaphon,ratchadaphon,ratchadaphon,ratchadaphon
ณัฐรดี,natradi,natradi,natradi,natradi
ปิติพงศ์,pitiphong,pitiphong,pitiphong,pitiphong
วีระพันธ์,wiraphan,wiraphan,wiraphan,wiraphan
ลำเจียก,lamchiak,lamchiak,lamchiak,lamchiak
เพ็ญจิตร,phenchit,phenchit,phenchit,phenchit
อ้อมทิพย์,omthip,omthip,omthip,omthip
พิทวัส,phitthawat,phitthaoat,phitthawat,phitthawat
ทิพาพร,thiphaphon,thiphaphon,thiphaphon,thiphaphon
ไพเราะ,phairo,phairo,phairo,phairo
วราลี,warali,warali,warali,warali
ธนยศ,thanayot,thanayot,thanayot,thanayot
พีรภัทร,phiraphat,phiraphat,phiraphat,phiraphat
ทรงสิทธิ์,songsit,songsit,songsit,songsit
เศรษฐศักดิ์,setthasak,setthasak,setthasak,setthasak
วิราภรณ์,wiraphon,wiraphon,wiraphon,wiraphon
อรพร,oraphon,oraphon,oraphon,oraphon
ชนธัญ,chonnathan,chonnathan,chonthan,chonthan
นนท์ธวัช,nonthawat,nonthaoat,nonthawat,nonthawat
ไวพจน์,waiphot,waiphot,waiphot,waiphot
ณัฐชยา,natchaya,natchaya,natchaya,natchaya
ธนินทร์,thanin,thanin,thanin,thanin
พงศ์พันธ์,phongphan,phongphan,phongphan,phongphan
ชาติชาย,chatchai,chatchai,chatchai,chatchai
ภคอร,phakhaon,phakhaon,phakhon,phakhon
ใจทิพย์,chaithip,chaithip,chaithip,chaithip
ประพจน์,praphot,praphot,praphot,praphot
ธานินท์,thanin,thanin,thanin,thanin
สุธิพงษ์,suthiphong,suthiphong,suthiphong,suthiphong
ณมน,namon,namon,namon,namon
ลำไย,lamyai,lamyai,lamyai,lamyai
สุทธิชัย,sutthichai,sutthichai,sutthichai,sutthichai
จิรศักดิ์,chirasak,chirasak,chirasak,chirasak
พงศักดิ์,phongsak,phongsak,phongsak,phongsak
รัตดา,ratda,ratda,rattada,ratta
นลพรรณ,nonphan,nonphan,nonlaphan,nonlaphan
สุขศรี,suksi,suksi,suksari,suksari
นิภาภรณ์,niphaphon,niphaphon,niphaphon,niphaphon
โสภาพร,sophaphon,sophaphon,sophaphon,sophaphon
ปราการ,prakan,prakan,prakan,prakan
โกเมนทร์,komen,komen,komen,komen
มุสลิม,mutsalim,mutsalim,mutsalim,mutsalim
สุรักษ์,surak,surak,surak,surak
อริยาภรณ์,ariyaphon,ariyaphon,ariyaphon,ariyaphon
สุวิษา,suwisa,suwisa,suwisa,suwisa
อาริตา,arita,arita,arita,arita
ธเนศร์,thanet,thanet,thanet,thanet
ขจรศักดิ์,khachonsak,khachonsak,khachonsak,khachonsak
เศรษฐา,settha,settha,settha,settha
รัชพงศ์,ratchaphong,ratchaphong,ratchaphong,ratchaphong
นิติมา,nitima,nitima,nitima,nitima
ขวัญฤดี,khwanruedi,khwanruedi,khwanruedi,khwanruedi
วีรศักดิ์,wirasak,wirasak,wirasak,wirasak
บุตรี,butri,butri,butri,butri
เกตุมณี,ketmani,ketmani,ketmuni,ketmani
ไพโรจน์,phairot,phairot,phairot,phairot
ทิวัตถ์,thiwat,thioat,thiwat,thiwat
จิรพันธุ์,chiraphan,chiraphan,chiraphan,chiraphan
ศศินันท์,sasinan,sasinan,sasinan,sasinan
นันทญา,nanthaya,nanthaya,nanthaya,nanthaya
นัดดา,natda,natda,natda,natda
พิสุทธิ์,phisut,phisut,phisut,phisut
นครินทร์,nakharin,nakharin,nakhonni,nakharin
นุสรา,nusara,nusara,nusara,nusara
นภารัตน์,napharat,napharat,napharat,napharat
ดนัย,danai,danai,danai,danai
อภิรักษ์,aphirak,aphirak,aphirak,aphirak
ชุติพงษ์,chutiphong,chutiphong,chutiphong,chutiphong
สืบพงษ์,suepphong,suepphong,suepphong,suepphong
นันทกา,nanthaka,nanthaka,nanthaka,nanthaka
เฉลิมชาติ,chaloemchat,chaloemchat,chaloemchat,chaloemchat
รพีพรรณ,raphiphan,raphiphan,ropphin,raphiphan
ชนะ,chana,chana,chana,chana
สุดาพร,sudaphon,sudaphon,sudaphon,sudaphon
พิมพ์นภัส,phimnaphat,phimnaphat,phimnaphat,phimnaphat
สลักจิต,salakchit,salakchit,salakchit,salakchit
ตุลยา,tunlaya,tunlaya,tunlaya,tunya
อนัญพร,ananphon,ananphon,ananphon,anyaphon
ธีรเดช,thiradet,thiradet,thiradet,thiradet
นงนาถ,nongnat,nongnat,nongnat,nongnat
เรวัติ,rewat,reoat,rewat,rewat
เพียงดาว,phiangdao,phiangdao,phiangdao,phiangdao
พิมภา,phimpha,phimpha,phimpha,phimpha
ขรรค์ชัย,khanchai,khanchai,khanchai,khanchai
ชวนชัย,chuanchai,chuanchai,chuanchai,chuanchai
ศรีทน,sithon,sithon,sithon,sithon
ทวีรัชต์,thawirat,thaoirat,thawirat,thawirat
หาญณรงค์,hannarong,hannarong,hannarong,hannarong
พัทธมน,phatthamon,phatthamon,phatthamon,phatthamon
ชานนทร์,chanon,chanon,chanon,chanon
ขวัญทิพย์,khwanthip,khwanthip,khwanthip,khwanthip
แตงอ่อน,taengon,taengon,taengon,taengon
อสมาภรณ์,asamaphon,asamaphon,asamaphon,asamaphon
ประยุทธ,prayut,prayut,prayut,prayut
สนั่น,sanan,sanan,sanan,sanan
โกสินทร์,kosin,kosin,kosin,kosin
หนูเพียร,nuphian,nuphian,nuphian,nuphian
พรพิชชา,phonphitcha,phonphitcha,phonphitcha,phonphitcha
เด่นวิทย์,denwit,denwit,denwit,denwit
พัฒน์พงษ์,phatphong,phatphong,phatphong,phatphong
ปิยวรรณ์,piyawan,piyaoan,piyawan,piyawan
เชาวลิต,chaowalit,chaowalit,chaowalit,chaowalit
ศักดินนท์,sakdinon,sakdinon,sakdinon,sakdinon
มะนาวี,manawi,manaoi,manawi,manawi
ทิพย์เกสร,thipkeson,thipkeson,thipkasen,thipkasen
พิจักษณ์,phichak,phichak,phichak,phichak
ภูมินทร์,phumin,phumin,phumin,phumin
รชตะ,rachata,rachata,rotcha,rachata
ศิริทร,sirithon,sirithon,sirithon,sirithon
ปัญญดา,panyada,panyada,panyada,panyada
นุชดา,nutchada,nutchada,nutchada,nuchada
อนุวัตร,anuwat,anuwat,anuwat,anuwat
นิติกาญจน์,nitikan,nitikan,nitikan,nitikan
พิมพ์พจี,phimphachi,phimphachi,phimphachi,phimphachi
ชาลิสา,chalisa,chalisa,chalisa,chalisa
ภัควดี,phakkawadi,phakkaoadi,phakwadi,phakwadi
อโนมา,anoma,anoma,anoma,anoma
ณัฏฐกานต์,natthakan,natthakan,natthakan,natthakan
วิลาภรณ์,wilaphon,wilaphon,wilaphon,wilaphon
เพ็ญวิภา,phenwipha,phenwipha,phenwipha,phenwipha
วิมลพร,wimonphon,wimonphon,wimonphon,wimonphon
สุทิษา,suthisa,suthisa,suthisa,suthisa
จิราวุฒิ,chirawut,chiraout,chirawut,chirawut
เพียงฤทัย,phiangruethai,phiangruethai,phiangruethai,phiangruethai
รัชนก,ratchanok,ratchanok,ratchanok,ratchanok
ธัญจิรา,thanjira,thanyira,thanchira,thanchira
ภัทรฤทัย,phatthararuethai,phatthararuethai,phatthararathai,phattharuethai
รชนีกร,rachanikon,rachanikon,rotchanikon,rotchanikon
พิทักษ์พงศ์,phithakphong,phithakphong,phithapkhong,phithakphong
อติเทพ,atithep,atithep,atithep,atithep
อร,on,on,aro,ora
นลินนิภา,nalinnipha,nalinnipha,nalinnipha,nalinnipha
ดาริกา,darika,darika,darika,darika
นิรันดร์,niran,niran,niran,niran
เมธัส,methat,methat,methat,methat
นัฐพงษ์,natthaphong,natthaphong,natthaphong,natthaphong
หนึ่งฤดี,nuengruedi,nuengruedi,nuengruedi,nuengruedi
จันทร์จรัส,chancharat,chancharat,chancharat,chancharat
ธรากร,tharakon,tharakon,tharakon,tharakon
ยินดี,yindi,yindi,yindi,yindi
สมเดช,somdet,somdet,somdet,somdet
สุวินัย,suwinai,suwinai,suwinai,suwinai
วชิรพันธ์,wachiraphan,wachiraphan,wachiraphan,wachiraphan
ประสาท,prasat,prasat,prasat,prasat
ชวนากร,chawanakon,chaoanakon,chuanakon,chuanakon
รัตติกา,rattika,rattika,rattika,rattika
สุริสา,surisa,surisa,surisa,surisa
สุระพล,suraphon,suraphon,suraphon,suraphon
ทรงกรด,songkrot,songkrot,songkrot,songkrot
ดลหทัย,donhathai,donhathai,donhathai,donhathai
เจด็จ,chadet,chadet,chetde,chadet
นคร,nakhon,nakhon,nakhon,nakhon
จิรพงศ์,chiraphong,chiraphong,chiraphong,chiraphong
ชาคริส,chakhrit,chakhrit,chakrit,chakhrit
นันธิญา,nanthiya,nanthiya,nanthiya,nanthiya
รัชพล,ratchaphon,ratchaphon,ratchaphon,ratchaphon
ภูดิศ,phudit,phudit,phudit,phudit
อนงค์รัตน์,anongrat,anongrat,anongrat,anongrat
ศาสตรา,sattra,sattra,satsatra,satsatra
พัฒนพงศ์,phatthanaphong,phatthanaphong,phatthanaphong,phatthanaphong
พิชญดา,phitchayada,phitchayada,phichanda,phitchayada
อัครพงศ์,akkharaphong,akkharaphong,akkharaphong,akkharaphong
ศรีศักดิ์,sisak,sisak,sisak,sisak
ภมรรัตน์,phamonrat,phamonrat,phamonrat,phamarat
อาซิ,asi,asi,asi,asi
อมฤต,amarit,amarit,amarit,amarit
เอกรัตน์,ekkarat,ekkarat,ekkarat,ekkarat
ปวีนา,pawina,paoina,pawina,pawina
รุ่งณภา,rungnapha,rungnapha,rungnapha,rungnapha
รณชิต,ronnachit,ronnachit,ronchit,ronnachit
พรรณนิภา,phannipha,phannipha,phannipha,phannipha
เกียรติคุณ,kiattikhun,kiattikhun,kiattikhun,kiattikhun
ภัทรสุดา,phattharasuda,phattharasuda,phatsaratsada,phatsuda
สินีนาฎ,sininat,sininat,sininat,sininat
จักรินทร์,chakkrin,chakkrin,chakkrin,chakkrin
ทัศนีวรรณ,thatsaniwan,thatsanioan,thatsaniwan,thatsaniwan
สนธิชัย,sonthichai,sonthichai,sonthichai,sonthichai
ศรินทร์ทิพย์,sarinthip,sarinthip,sarinthip,sarinthip
ชินดนัย,chindanai,chindanai,chindanai,chindanai
อารยะ,araya,araya,araya,araya
จิรเมธ,chiramet,chiramet,chiramet,chiramet
ทรายทอง,saithong,saithong,saithong,saithong
ปองภพ,pongphob,pongphob,pongphop,pongphop
พงษ์เพชร,phongphet,phongphet,phongphet,phongphet
วรินยุพา,warinyupha,warinyupha,warinyupha,warinyupha
ปวริศ,pawarit,paoarit,pawarit,pawit
สุราษฎร์,surat,surat,surat,surat
นำโชค,namchok,namchok,namchok,namchok
ปุณยนุช,punyanut,punyanut,punyanut,punyanut
ณัฏฐ์ชญา,natchaya,natchaya,natchaya,natchaya
พีระยุทธ,phirayut,phirayut,phirayut,phirayut
นาตาชา,natacha,natacha,natacha,natacha
มณิสรา,manitsara,manitsara,manitsara,manisara
พิมลมาศ,phimonmat,phimonmat,phimonmat,phimonmat
สุรเดช,suradet,suradet,suradet,suradet
อาหามะ,ahama,ahama,ahama,ahama
ธวัลรัตน์,thawanrat,thaoanrat,thawanrat,thawanrat
ธิติกาญจน์,thitikan,thitikan,thitikan,thitikan
นฤพร,naruephon,naruephon,naruephon,naruephon
สุภัตรา,suphattra,suphattra,suphattra,suphattra
พิสันต์,phisan,phisan,phisan,phisan
มานะชัย,manachai,manachai,manachai,manachai
เสถียรพงษ์,sathianphong,sathianphong,sathiarop,sathianraphong
อรอนงค์,onanong,onanong,onrong,orong
พงศ์ศักดิ์,phongsak,phongsak,phongsak,phongsak
สถิตย์,sathit,sathit,sathit,sathit
นิพาดา,niphada,niphada,niphada,niphada
ชญานนท์,chayanon,chayanon,chayanon,chayanon
อำพล,amphon,amphon,amphon,amphon
ละออ,lao,lao,lao,lao
ภัทราวุธ,phattharawut,phattharaout,phattharawut,phattharawut
ภาคินัย,phakhinai,phakhinai,phakhinai,phakhinai
สุปรานี,suprani,suprani,suprani,suprani
นาฏอนงค์,natanong,natanong,natanong,natong
อาทิยา,athiya,athiya,athiya,athiya
วรุณยุพา,warunyupha,warunyupha,warunyupha,warunyupha
เหมือนฝัน,mueanfan,mueanfan,mueanfan,mueanfan
อัมพล,amphon,amphon,ammaphon,ammaphon
วิรัติ,wirat,wirat,wirat,wirat
สุริยนต์,suriyon,suriyon,suriyon,suriyon
วงศ์วริศ,wongwarit,wongwarit,wongwarit,wongwarit
พีระศักดิ์,phirasak,phirasak,phirasak,phirasak
อรวรรณ,onwan,onwan,onwan,arawan
สิริภา,siripha,siripha,siripha,siripha
มะ,ma,ma,ma,ma
อำพา,ampha,ampha,ampha,ampha
ฤทธิเกียรติ,ritthikiat,ritthikiat,ritthikiat,ritthikiat
ฐากร,thakon,thakon,thakon,thakon
พนัส,phanat,phanat,phanat,phanat
ยุพาพรรณ,yuphaphan,yuphaphan,yuphapphan,yuphaphan
เผชิญ,phachoen,phachoen,phachoen,phachoen
พิบูลย์,phibun,phibun,phibun,phibun
จิรวรรณ,chirawan,chiraoan,chirawan,chirawan
วิศิษฐ์,wisit,wisit,wisit,wisit
สิทธิชาติ,sitthichat,sitthichat,sitthichat,sitthichat
ธีรชาติ,thirachat,thirachat,thirachat,thirachat
มูฮัมมัด,muhammat,muhammat,muhammat,muhammat
ธัญพิมล,thanphimon,thanphimon,thanyaphomni,thanyaphimon
ณัฐวัชร,natthawat,natthaoat,natthawachon,natthawat
นิวัติ,niwat,nioat,niwat,niwat
ชาญกิจ,chankit,chankit,chankit,chankit
เนติพงษ์,netiphong,netiphong,netiphong,netiphong
อนุวัฒน์,anuwat,anuwat,anuwat,anuwat
สร้อยสุวรรณ,soisuwan,soisuwan,soisuan,soisuwan
เพชรี,phetchari,phetchari,phetchari,phetchari
จิณณวัตร,chinnawat,chinnaoat,chinnawat,chinnawat
พรนิภา,phonnipha,phonnipha,phonnipha,phonnipha
รุจิกาญจน์,ruchikan,ruchikan,ruchikan,ruchikan
ปิยาพัชร,piyaphat,piyaphat,piyaphatchon,piyaphat
สุธีรา,suthira,suthira,suthira,suthira
สรณัฐ,soranat,soranat,sonnat,soranat
อิทธิเดช,itthidet,itthidet,itthidet,itthidet
อภิเชษฐ์,aphichet,aphichet,aphichet,aphichet
พีระพล,phiraphon,phiraphon,phiraphon,phiraphon
อดิศัย,adisai,adisai,adisai,adisai
อภิเษก,aphisek,aphisek,aphisek,aphisek
รติมา,ratima,ratima,ratima,ratima
อสมา,asama,asama,asama,asama
อรประภา,onprapha,onprapha,onprapha,onprapha
วุฒิพงศ์,wutthiphong,wutthiphong,wutthiphong,wutthiphong
ละม้าย,lamai,lamai,lamai,lamai
สุวิชัย,suwichai,suwichai,suwichai,suwichai
ชัญญานุช,chanyanut,chanyanut,chanyanut,chanyanut
เกศราพร,ketsaraphon,ketsaraphon,ketsaraphon,kesaraphon
วีระพงษ์,wiraphong,wiraphong,wiraphong,wiraphong
มือลี,mueli,mueli,mueli,mueli
ชวัลวิทย์,chawanwit,chaoanwit,chawanwit,chawanwit
ภัคพร,phakkhaphon,phakkhaphon,phakphon,phakkhaphon
นิพาภรณ์,niphaphon,niphaphon,niphaphon,niphaphon
จิตรี,chittri,chittri,chitri,chittri
ธีรพันธุ์,thiraphan,thiraphan,thiraphan,thiraphan
รุจาภา,ruchapha,ruchapha,ruchapha,ruchapha
สายทิพย์,saithip,saithip,saithip,saithip
สุดา,suda,suda,suda,suda
ปริชญา,pritchaya,pritchaya,paritchaya,pritchaya
วิไลรักษ์,wilairak,wilairak,wilairak,wilairak
เตชิต,techit,techit,techit,techit
บุญญาพร,bunyaphon,bunyaphon,bunyaphon,bunyaphon
ปฎิพัทธ์,patiphat,patiphat,padiphat,padiphat
พัชรา,phatchara,phatchara,phatchara,phatchara
ธนกฤษ,thanakrit,thanakrit,thanakrit,thanakrit
ฐนิตา,thanita,thanita,thanita,thanita
สุลีพร,suliphon,suliphon,suliphon,suliphon
สุรจิต,surachit,surachit,surachit,surachit
อัจฉราภรณ์,atcharaphon,atcharaphon,atcharaphon,atcharaphon
ธนวรรธน์,thanawat,thanaoat,thanawat,thanawat
คฑาวุธ,khathawut,khathaout,khathawut,khathawut
ปาริชา,paricha,paricha,paricha,paricha
ศรันยา,saranya,saranya,saranya,saranya
นูรฮูดา,nurahuda,nurahuda,nuruhada,nuruda
มาวิน,mawin,maoin,mawin,mawin
อภินัทธ์,aphinat,aphinat,aphinat,aphinat
ประภัสรา,praphatsara,praphatsara,praphatsara,praphatsara
อุไลวรรณ,ulaiwan,ulaioan,ulaiwan,uanwairon
ศุภสัณห์,supphasan,supphasan,supphasan,supphasan
ศิรินาฏ,sirinat,sirinat,sirinat,sirinat
อนุพงศ์,anuphong,anuphong,anuphong,anuphong
สันติศักดิ์,santisak,santisak,santisak,santisak
วสุ,wasu,wasu,wasu,wasu
พีระชัย,phirachai,phirachai,phirachai,phirachai
จารุกิตติ์,charukit,charukit,charukit,charukit
สุริยัณห์,suriyan,suriyan,suriyan,suriyan
สรารัตน์,sararat,sararat,sararat,sararat
พัชรพงษ์,phatcharaphong,phatcharaphong,phatcharaphong,phatcharaphong
อรรัตน์,onrat,onrat,ararat,ararat
ณัฐกิตต์,natthakit,natthakit,natthakit,natthakit
รุจน์,rut,rut,rut,rut
สมยศ,somyot,somyot,somyot,somyot
ธนัฏฐา,thanattha,thanattha,thanattha,thanattha
เครือฟ้า,khrueafa,khrueafa,khrueafa,khrueafa
นุชนารถ,nutchanat,nutchanat,nutchanarot,nutchanarot
ปิยะวุฒิ,piyawut,piyaout,piyawut,piyawut
ศิริโรจน์,sirirot,sirirot,sirirot,sirirot
ราวิน,rawin,raoin,rawin,rawin
วลินดา,walinda,walinda,walinda,walinda
ศรีอรุณ,siarun,siarun,sirun,siriarun
สินจัย,sinchai,sinchai,sinchai,sinchai
ธัญภา,thanyapha,thanyapha,thanyapha,thanyapha
วิธวัฒน์,witthawat,witthaoat,witthawat,withawat
จิตตา,chitta,chitta,chitta,chitta
สุชาวลี,suchawali,suchaoali,suchawali,suchaoli
พิมศิริ,phimsiri,phimsiri,phimsiri,phimsiri
ชวันรัตน์,chawanrat,chaoanrat,chawannat,chawanrat
สุปรีชา,supricha,supricha,supricha,supricha
พิชยา,phitchaya,phitchaya,phitchaya,phitchaya
เชิดชัย,choetchai,choetchai,choetchai,choetchai
สรัล,saran,saran,saran,saran
ฐิติ,thiti,thiti,thiti,thiti
พิษณุ,phitsanu,phitsanu,phitsanu,phitsanu
ชัชวาล,chatchawan,chatchaoan,chatchawan,chatchawan
เทวัญ,thewan,theoan,thewan,thewan
สถิต,sathit,sathit,sathit,sathit
บรรยง,banyong,banyong,banyong,banyong
เซ็ง,seng,seng,seng,seng
วีรชน,wirachon,wirachon,wirachon,wirachon
อดิเทพ,adithep,adithep,adithep,adithep
ปิยะราช,piyarat,piyarat,piyarat,piyarat
นัจนันท์,natchanan,natchanan,natchanan,natchanan
อานัน,anan,anan,anan,anan
ถนอมรัตน์,thanomrat,thanomrat,thanomrat,thanomrat
ช่อลัดดา,cholatda,cholatda,cholatda,cholatda
หอมหวล,homhuan,homhuan,homwon,homhuan
พรพงษ์,phonphong,phonphong,phonphong,phonphong
ศิริศักดิ์,sirisak,sirisak,sirisak,sirisak
วณิชา,wanicha,wanicha,wanicha,wanicha
วีระพัฒน์,wiraphat,wiraphat,wiraphat,wiraphat
ระวีวรรณ,rawiwan,raoioan,rawiwan,rawiwan
เอกวัฒน์,ekkawat,ekkaoat,ekkawat,ekkawat
เทพิน,thephin,thephin,thephin,thephin
สมาพร,samaphon,samaphon,samaphon,samaphon
ปรียาลักษณ์,priyalak,priyalak,priyalak,priyalak
ฐิติกาญจน์,thitikan,thitikan,thitikan,thitikan
นิวัต,niwat,nioat,niwat,niwat
นันทนา,nanthana,nanthana,nanthana,nanthana
บัญชา,bancha,bancha,bancha,bancha
วรพล,woraphon,woraphon,woraphon,woraphon
ตั้ม,tam,tam,tam,tam
วรรณนิศา,wannisa,wannisa,wannisa,wannisa
สุมิตตา,sumitta,sumitta,sumitta,sumitta
นวลน้อย,nuannoi,nuannoi,nuannoi,nuannoi
วิภาวรรณ์,wiphawan,wiphaoan,wiphawan,wiphawan
ศรายุทธ,sarayut,sarayut,sarayut,sarayut
อุไร,urai,urai,urai,urai
อัฐภิญญา,attaphinya,attaphinya,atthaphinya,atthaphinya
สุธัญญา,suthanya,suthanya,suthanya,suthanya
บุญเชิด,bunchoet,bunchoet,bunchoet,bunchoet
อามานี,amani,amani,amani,amani
บริรักษ์,borirak,borirak,borirak,borirak
เนรมิต,neramit,neramit,neramit,neramit
จตุรงค์,chaturong,chaturong,chaturong,chaturong
สุชารัตน์,sucharat,sucharat,sucharat,sucharat
พุทธิพงศ์,phutthiphong,phutthiphong,phutthiphong,phutthiphong
ณัฐวิทย์,natthawit,natthaoit,natthawit,natthawit
จิรานุช,chiranut,chiranut,chiranut,chiranut
ณัฐชนน,natchanon,natchanon,natchanon,natchanon
พาตีเม๊าะ,phatimo,phatimo,phatimo,phatime
บดินทร์,bodin,bodin,badin,badin
มนู,manu,manu,manu,manu
นิมะ,nima,nima,nima,nima
ณัฏฐนิช,natthanit,natthanit,natthanit,natthanit
ประภาภรณ์,praphaphon,praphaphon,praphaphon,praphaphon
มะยากี,mayaki,mayaki,mayaki,mayaki
วิชา,wicha,wicha,wicha,wicha
เสกสรร,seksan,seksan,seksan,seksan
ชญาน์นันท์,chayanan,chayanan,chayanan,chayanan
บรรเลง,banleng,banleng,banleng,banleng
รมณ,ramon,ramon,rommana,ramana
ชูวิทย์,chuwit,chuwit,chuwit,chuwit
อนาวิล,anawin,anaoin,anawin,anawin
เถลิงศักดิ์,thaloengsak,thaloengsak,thaloengsak,thaloengsak
วรรณวิไล,wanwilai,wanwilai,wanwilai,wanwilai
ปัญญาวุฒิ,panyawutthi,panyaoutthi,panyawut,panyawut
ธิติสุดา,thitisuda,thitisuda,thisutida,thitisuda
อาภร,aphon,aphon,aphon,aphon
พิชญาพร,phitchayaphon,phitchayaphon,phitchanaphon,phitchayaphon
ธิติยา,thitiya,thitiya,thitiya,thitiya
อรนงค์,oranong,oranong,onnong,oranong
เก่งกาจ,kengkat,kengkat,kengkat,kengkat
บงกช,bongkot,bongkot,bongkot,bongkot
จีราภรณ์,chiraphon,chiraphon,chiraphon,chiraphon
วันทนี,wanthani,wanthani,wanthani,wanthani
ปิยมาส,piyamat,piyamat,piyamat,piyamat
ศุภารัตน์,supharat,supharat,supharat,supharat
ชุติมณฑ์,chutimon,chutimon,chutimon,chutimon
มาลัยพร,malaiphon,malaiphon,malaiphon,malaiphon
นิษา,nisa,nisa,nisa,nisa
สุรีย์รัตน์,surirat,surirat,surirat,surirat
บุษบง,butsabong,butsabong,butsabong,butsabong
สหชัย,sahachai,sahachai,sahachai,sahachai
ธนาคาร,thanakhan,thanakhan,thanakhan,thanakhan
ปรียาภา,priyapha,priyapha,priyapha,priyapha
สิรามล,siramon,siramon,siramon,siramon
ณิชมน,nitchamon,nitchamon,nichamon,nitchamon
สากล,sakon,sakon,sakon,sakon
อาภาภรณ์,aphaphon,aphaphon,aphaphon,aphaphon
สิปปกร,sippakon,sippakon,sippakon,sippakon
รัชชานนท์,ratchanon,ratchanon,ratchanon,ratchachanon
เศกสิทธิ์,seksit,seksit,seksit,seksit
วนาพร,wanaphon,wanaphon,wanaphon,wanaphon
พิริยะ,phiriya,phiriya,phiriya,phiriya
หนูจร,nuchon,nuchon,nuchon,nuchon
ศุภศิลป์,supphasin,supphasin,supphasin,supphasin
ชุติพร,chutiphon,chutiphon,chutiphon,chutiphon
ตุ๊กตา,tukta,tukta,tukkata,tukkata
ปัญจมา,panchama,panchama,panchama,panchama
เกษตร,kaset,kaset,kaset,kaset
พรสิทธิ์,phonsit,phonsit,phonsit,phonsit
รุจิภาส,ruchiphat,ruchiphat,ruchiphat,ruchiphat
ปิยมาภรณ์,piyamaphon,piyamaphon,piyamaphon,piyamaphon
สาธิดา,sathida,sathida,sathida,sathida
ชลวิทย์,chonlawit,chonlaoit,chonlawit,chonlawit
ภัคพงษ์,phakkhaphong,phakkhaphong,phakphong,phakphong
อนิรุทธ์,anirut,anirut,anirut,anirut
อาซียะ,asiya,asiya,asiya,asiya
พิชญุตม์,phitchayut,phitchayut,phitchayut,phitchayut
นิธิวดี,nithiwadi,nithioadi,nithiwadi,nithiwadi
ณัฎฐพล,natthaphon,natthaphon,natthaphon,natthaphon
พัฒนี,phatthani,phatthani,phatthani,phatthani
วงจันทร์,wongchan,wongchan,wongchan,wongchan
ศิริวรรณ,siriwan,sirioan,siriwan,siriwan
นเรศน์,naret,naret,naret,naret
ชิติพัทธ์,chitiphat,chitiphat,chitiphat,chitiphat
นนทิยา,nonthiya,nonthiya,nonthiya,nonthiya
ชลนิชา,chonnicha,chonnicha,chonnicha,chonnicha
อังศุมาลิน,angsumalin,angsumalin,angsumalin,angsumalin
เพ็ญณี,phenni,phenni,phenni,phenni
สุภาวรรณ,suphawan,suphaoan,suphawan,suphawan
เพียงขวัญ,phiangkhwan,phiangkhwan,phiangkhwan,phiangkhwan
สุภาวิดา,suphawida,suphaoida,suphawida,suphawida
ส้มจีน,somchin,somchin,somchin,somchin
วชิรพล,wachiraphon,wachiraphon,wachiraphon,wachiraphon
อุษณีย์,usani,usani,utsani,utsani
เชาวนี,chaowani,chaowani,chaowani,chaowani
ทรงยศ,songyot,songyot,songyot,songyot
ชุติมาพร,chutimaphon,chutimaphon,chutimaphon,chutimaphon
ทรงพล,songphon,songphon,songphonla,songphon
ศศิลักษณ์,sasilak,sasilak,sasilak,sasilak
สุรัชนี,suratchani,suratchani,suratchani,suratchani
ศักดิ์ชัย,sakchai,sakchai,sakchai,sakchai
ฟาตีเมาะ,fatimo,fatimo,fatmio,fatimo
อนิษา,anisa,anisa,anisa,anisa
พิมพ์รภัส,phimraphat,phimraphat,phimphrat,phimphat
ส้มลิ้ม,somlim,somlim,somlim,somlim
ภูริดา,phurida,phurida,phurida,phurida
โสน,sano,sano,sano,sano
ธีรวัต,thirawat,thiraoat,thirawat,thirawat
ทรงศิริ,songsiri,songsiri,songsiri,songsiri
ชวาลา,chawala,chaoala,chawala,chawala
สุวนิตย์,suwanit,suwanit,suwanit,suwanit
อุ่นเรือน,unruean,unruean,unruean,unruean
อาลียะ,aliya,aliya,aliya,aliya
เบญจภรณ์,benchaphon,benchaphon,benchaphon,benchaphon
ณัฐวรรณ,natthawan,natthaoan,natthawan,natthawan
ชื่นใจ,chuenchai,chuenchai,chuenchai,chuenchai
รัชณี,ratchani,ratchani,ratchani,ratchani
ชาญยุทธ์,chanyut,chanyut,chanyut,chanyut
สันต์,san,san,san,san
วุฒิชาติ,wutthichat,wutthichat,wutthichat,wutthichat
จินตนาพร,chintanaphon,chintanaphon,chintanaphon,chintanaphon
อัครินทร์,akkarin,akkarin,akkarin,akkharin
เมฆ,mek,mek,mek,mek
อารีนี,arini,arini,arini,arini
มนต์ชัย,monchai,monchai,monchai,monchai
สมพล,somphon,somphon,somphon,somphon
ชนมณี,chonmani,chonmani,chonmani,chonmani
เกศนีย์,ketsani,ketsani,kesani,kesani
มงคลชัย,mongkhonchai,mongkhonchai,mongkhonchai,mongkhonchai
ปราณิศา,pranisa,pranisa,pranisa,pranisa
ธัชพล,thatchaphon,thatchaphon,thatchaphon,thatchaphon
วิทูร,withun,withun,withun,withun
จิรโรจน์,chirarot,chirarot,chirarot,chirarot
ดาเรศ,daret,daret,daret,daret
เบญญาดา,benyada,benyada,benyada,benyada
นนท์,non,non,non,non
ธนเทพ,thanathep,thanathep,thanathep,thanathep
นุชิต,nuchit,nuchit,nuchit,nuchit
ธิดารัตน์,thidarat,thidarat,thidarat,thidarat
สาลิกา,salika,salika,salika,salika
ฐิตาภา,thitapha,thitapha,thitapha,thitapha
จิรายุทธ์,chirayut,chirayut,chirayut,chirayut
โชค,chok,chok,chok,chok
รชต,rachata,rachata,rotchot,rachot
ปรเมศ,poramet,poramet,poramet,poramet
ชบา,chaba,chaba,chaba,chaba
สาริณี,sarini,sarini,sarini,sarini
วิมลนันท์,wimonnan,wimonnan,wimonnan,wimonnan
วิระชัย,wirachai,wirachai,wirachai,wirachai
จรัสพงษ์,charatphong,charatphong,charatphong,charatphong
เขมจิรา,khemchira,khemchira,khemchira,khemchira
เฌอปราง,choeprang,choeprang,thoeprang,choeprang
ณรงค์กร,narongkon,narongkon,narongkon,narongkon
อนันต์,anan,anan,anan,anan
ผกามาส,phakamat,phakamat,phakamat,phakamat
บรรพต,banphot,banphot,banphot,banphot
ณัฐปคัลภ์,natpakhan,natpakhan,natthapakan,natthapakhan
อลงกรณ์,alongkon,alongkon,alongkon,alongkon
ณัฐา,nattha,nattha,nattha,nattha
พัชราวลัย,phatcharawalai,phatcharaoalai,phatcharawalai,phatcharawai
บุศรา,butsara,butsara,butsara,butsara
จริญญา,charinya,charinya,charinya,charinya
ยงยุทธ์,yongyut,yongyut,yongyut,yongyut
จิรานันท์,chiranan,chiranan,chiranan,chiranan
ชลดา,chonlada,chonlada,chalada,chalada
ยิ่งศักดิ์,yingsak,yingsak,yingsak,yingsak
สุดคนึง,sutkhanueng,sutkhanueng,sutkhanueng,sutkhanueng
ปุญญิสา,punyisa,punyisa,punyisa,punyisa
วัฒนพล,watthanaphon,watthanaphon,watthanaphon,watthanaphon
วิสิษฐ์,wisit,wisit,wisit,wisit
จิตภินันท์,chitphinan,chitphinan,chitphinan,chittaphinan
วิทวัส,witthawat,witthaoat,witthawat,witthawat
บรรหาร,banhan,banhan,banhan,banhan
อบเชย,opchoei,opchoei,opchoei,opchoei
รัตติกานต์,rattikan,rattikan,rattikan,rattikan
มารีเยาะ,mariyo,mariyo,mariyao,mariyo
ณัฐวุธ,natthawut,natthaout,natthawut,natthawut
ณธิดา,nathida,nathida,nathida,nathida
สุรพงค์,suraphong,suraphong,suraphong,suraphong
ณรงค์วิทย์,narongwit,narongwit,narongwit,narong
นำพล,namphon,namphon,namphon,namphon
สุธิชัย,suthichai,suthichai,suthichai,suthichai
วรยศ,worayot,worayot,worayot,worayot
มรุต,marut,marut,marut,marut
อรรถยา,attaya,attaya,attaya,atthaya
ฐาปนพงศ์,thapanaphong,thapanaphong,thappanong,thapanaphong
หัสนัย,hatnai,hatnai,hatsanai,hatsanai
ฐายิกา,thayika,thayika,thayika,thayika
รุ้งทอง,rungthong,rungthong,rungthong,rungthong
ฟองแก้ว,fongkaeo,fongkaeo,fongkaeo,fongkaeo
ปราณปรียา,pranpriya,pranpriya,pranpriya,pranpriya
จิระพร,chiraphon,chiraphon,chiraphon,chiraphon
ภนิดา,phanida,phanida,phanida,phanida
เกริกฤทธิ์,kroekrit,kroekrit,kroekrit,kroekrit
สุนัดดา,sunatda,sunatda,sunatda,sunatda
ธเนตร,thanet,thanet,thanet,thanet
ศรันยู,saranyu,saranyu,saranyu,saranyu
สุธน,suthon,suthon,suthon,suthon
ปฏิพล,patiphon,patiphon,patiphon,patiphon
สมิง,saming,saming,saming,saming
ณัฎฐธิดา,natthathida,natthathida,natthathida,natthathida
พงษ์พิพัฒน์,phongphiphat,phongphiphat,phongphiphat,phongphiphat
อนุวัติ,anuwat,anuwat,anuwat,anuwat
ณาตยา,nattaya,nattaya,nattaya,nattaya
สะมาแอ,samaae,samae,samaae,samaae
สะอารี,saari,sari,saari,saari
นพพล,nopphon,nopphon,nopphon,nopphon
สันชัย,sanchai,sanchai,sanchai,sanchai
เชษฐา,chettha,chettha,chetsatha,chettha
วีรพจน์,wiraphot,wiraphot,wiraphot,wiraphot
ชาญศักดิ์,chansak,chansak,chansak,chansak
วิชิต,wichit,wichit,wichit,wichit
ประดิษฐ์,pradit,pradit,pradit,pradit
สิทธิเดช,sitthidet,sitthidet,sitthidet,sitthidet
วรภพ,woraphop,woraphop,woraphop,woraphop
ธเนศ,thanet,thanet,thanet,thanet
วิรัต,wirat,wirat,wirat,wirat
ขวัญชีวา,khwanchiwa,khwanchioa,khwanchiwa,khwanchiwa
อนงค์พร,anongphon,anongphon,anongphon,anongphon
ลุกมาน,lukman,lukman,lukman,lukman
อนงค์,anong,anong,anong,anong
ชัยฤทธิ์,chaiyarit,chaiyarit,chairit,chaiyarit
มณียา,maniya,maniya,maniya,maniya
มาริสา,marisa,marisa,marisa,marisa
ภูริณัฐ,phurinat,phurinat,phurinat,phurinat
ภาพร,phaphon,phaphon,phaphon,phaphon
บุญเตือน,buntuean,buntuean,buntuean,buntuean
อุลัยพร,ulaiphon,ulaiphon,ulaiphon,ulaiphon
อาทร,athon,athon,athon,athon
คนึงนุช,khanuengnut,khanuengnut,khanuengnut,khanuengnut
พิชญ์,phit,phit,phit,phit
ยรรยง,yanyong,yanyong,yanyong,yanyong
สุรจิตร,surachit,surachit,surachit,surachit
ศศิภา,sasipha,sasipha,sasipha,sasipha
อุทุมพร,uthumphon,uthumphon,uthumphon,uthumphon
ฉันทนา,chanthana,chanthana,chanthana,chanthana
สุชาครีย์,suchakri,suchakri,suchakkri,suchakhri
ฐิติวัฒน์,thitiwat,thitioat,thitiwat,thitiwat
ต้น,ton,ton,ton,ton
สุกัญญา,sukanya,sukanya,sukanya,sukanya
ทิพยวรรณ,thipphayawan,thipphayaoan,thipphawan,thipphayawan
ปิยะพล,piyaphon,piyaphon,piyaphon,piyaphon
สุกัญยา,sukanya,sukanya,sukanya,sukanya
สุวจี,suwachi,suwachi,suwachi,suwachi
อิทธิเชษฐ์,itthichet,itthichet,itthichet,itthichet
ธีราพร,thiraphon,thiraphon,thiraphon,thiraphon
เชวง,chaweng,chaoeng,chewong,chaweng
ปัฐวี,patthawi,patthaoi,patthawi,patthawi
ธันยรัศมิ์,thanyarat,thanyarat,thanyarat,thanyarat
วิโรจน์,wirot,wirot,wirot,wirot
สารภี,saraphi,saraphi,saraphi,saraphi
เปมิกา,pemika,pemika,pemika,pemika
จุฑาทิพย์,chuthathip,chuthathip,chuthathip,chuthathip
คามิน,khamin,khamin,khamin,khamin
นาง,nang,nang,nang,nang
ลภัสนันท์,laphatsanan,laphatsanan,phlatsanan,laphatsanan
เศรษฐพงศ์,setthaphong,setthaphong,setthaphong,setthaphong
แสงแข,saengkhae,saengkhae,saengkhae,saengkhae
สุมารินทร์,sumarin,sumarin,sumarin,sumarin
พัฒน์พงศ์,phatphong,phatphong,phatphong,phatphong
ยลดา,yonlada,yonlada,yonda,yonda
จิราทิพย์,chirathip,chirathip,chirathip,chirathip
ปทุมพร,pathumphon,pathumphon,pathumphon,pathumphon
ชลธิชา,chonthicha,chonthicha,chonlachi,chonthicha
พันธวัช,phanthawat,phanthaoat,phanthawat,phanthawat
ปฐพี,patthaphi,patthaphi,potthaphi,potthaphi
นพวรรณ์,nopphawan,nopphaoan,nopphawan,nopphawan
สาธิยา,sathiya,sathiya,sathiya,sathiya
ชมพูนุท,chomphunut,chomphunut,chomphunut,chomphunut
ชิษณุพงศ์,chitsanuphong,chitsanuphong,chitsanuphong,chitsanuphong
พรรณิการ์,phannika,phannika,phannika,phannika
ณรงค์พล,narongphon,narongphon,narangphon,narongphon
สะรี,sari,sari,sari,sari
ไพบูลย์,phaibun,phaibun,phaibun,phaibun
ณัฐสินี,natsini,natsini,natsani,natsini
เมรี,meri,meri,meri,meri
ศุภสิทธิ์,supphasit,supphasit,supphasit,supphasit
ประกาศ,prakat,prakat,prakat,prakat
ชัยยงค์,chaiyong,chaiyong,chaiyong,chaiyong
ชูศรี,chusi,chusi,chusari,chusari
อรยา,oraya,oraya,onya,oraya
ศิโรรัตน์,sirorat,sirorat,sirorat,sirorat
นวลละออง,nuanlaong,nuanlaong,nuanlaong,nuanlaong
โชติมณี,chotmani,chotmani,chotmin,chotimani
เสนีย์,seni,seni,sanoei,sani
ธารินี,tharini,tharini,tharini,tharini
อัสมัน,atsaman,atsaman,atsaman,atsaman
เดือนแรม,dueanraem,dueanraem,dueanraem,dueanraem
รอยาลี,royali,royali,roila,royali
บุณฑริกา,buntharika,buntharika,buntharika,buntharika
ปองพล,pongphon,pongphon,pongphon,pongphon
อติภา,atipha,atipha,atipha,atipha
อธิภัทร,athiphat,athiphat,athiphat,athiphat
สืบพงศ์,suepphong,suepphong,suepphong,suepphong
อัจฉราพรรณ,atcharaphan,atcharaphan,atcharaphan,atcharaphan
สุเมศ,sumet,sumet,sumet,sumet
เพ็ญผกา,phenphaka,phenphaka,phenphaka,phenphaka
เอื้องพร,ueangphon,ueangphon,ueangphon,ueangphon
ปิยะชาติ,piyachat,piyachat,piyachat,piyachat
ทรงภพ,songphop,songphop,songphop,songphop
ฉัตรชัย,chatchai,chatchai,chatchai,chatchai
ศรราม,sonram,sonram,saram,saram
ณัฐพงษ์,natthaphong,natthaphong,natthaphong,natthaphong
พิริยาภรณ์,phiriyaphon,phiriyaphon,phiriyaphon,phiriyaphon
ปภัสสรา,paphatsara,paphatsara,paphatsara,phapsatsara
เตือนตา,tueanta,tueanta,tueanta,tueanta
ภูริทัต,phurithat,phurithat,phurithat,phurithat
วรวุฒิ,worawut,woraout,worawut,worawut
